h,ffnh,numh,numl,lr,bs,ti,loss,smooth loss,exp_name,D,N,D/N
960,9368,15,7,0.0003453,736,66342,2.413517,2.3976109618296744,step2v2_0618_h960_ffnh9368_numh15_numl7_lr3.453e-04_bs736_ti66342_mlr1.00e-05,100000000000,214663680,465.84499063837904
960,9368,15,7,0.0009766,32,1525878,2.432666,2.4137805813253053,step2v2_0618_h960_ffnh9368_numh15_numl7_lr9.766e-04_bs32_ti1525878_mlr1.00e-05,100000000000,214663680,465.84499063837904
960,9368,15,7,0.001381,128,381469,2.421673,2.3583542548184586,step2v2_0618_h960_ffnh9368_numh15_numl7_lr1.381e-03_bs128_ti381469_mlr1.00e-05,100000000000,214663680,465.84499063837904
960,9368,15,7,0.001381,2048,23841,2.373371,2.381233296851839,step2v2_0618_h960_ffnh9368_numh15_numl7_lr1.381e-03_bs2048_ti23841_mlr1.00e-05,100000000000,214663680,465.84499063837904
960,9368,15,7,0.01105,1024,47683,2.345163,2.359076712043932,step2v2_0618_h960_ffnh9368_numh15_numl7_lr1.105e-02_bs1024_ti47683_mlr1.00e-05,100000000000,214663680,465.84499063837904
960,9368,15,7,0.002762,736,66342,2.358602,2.3445016176522024,step2v2_0618_h960_ffnh9368_numh15_numl7_lr2.762e-03_bs736_ti66342_mlr1.00e-05,100000000000,214663680,465.84499063837904
960,9368,15,7,0.0004883,736,66342,2.402201,2.386230532580373,step2v2_0618_h960_ffnh9368_numh15_numl7_lr4.883e-04_bs736_ti66342_mlr1.00e-05,100000000000,214663680,465.84499063837904
960,9368,15,7,0.0002441,256,190734,2.361933,2.3909159704257528,step2v2_0618_h960_ffnh9368_numh15_numl7_lr2.441e-04_bs256_ti190734_mlr1.00e-05,100000000000,214663680,465.84499063837904
960,9368,15,7,0.003906,2048,23841,2.347246,2.355767390064634,step2v2_0618_h960_ffnh9368_numh15_numl7_lr3.906e-03_bs2048_ti23841_mlr1.00e-05,100000000000,214663680,465.84499063837904
960,9368,15,7,0.002762,512,95367,2.346096,2.3436394961386577,step2v2_0618_h960_ffnh9368_numh15_numl7_lr2.762e-03_bs512_ti95367_mlr1.00e-05,100000000000,214663680,465.84499063837904
960,9368,15,7,0.0006905,512,95367,2.372171,2.3688892725353825,step2v2_0618_h960_ffnh9368_numh15_numl7_lr6.905e-04_bs512_ti95367_mlr1.00e-05,100000000000,214663680,465.84499063837904
960,9368,15,7,0.0006905,256,190734,2.331722,2.3614372151469563,step2v2_0618_h960_ffnh9368_numh15_numl7_lr6.905e-04_bs256_ti190734_mlr1.00e-05,100000000000,214663680,465.84499063837904
960,9368,15,7,0.0003453,32,1525878,2.433482,2.410136487157416,step2v2_0618_h960_ffnh9368_numh15_numl7_lr3.453e-04_bs32_ti1525878_mlr1.00e-05,100000000000,214663680,465.84499063837904
960,9368,15,7,0.003906,352,138716,2.341194,2.3467150747983263,step2v2_0618_h960_ffnh9368_numh15_numl7_lr3.906e-03_bs352_ti138716_mlr1.00e-05,100000000000,214663680,465.84499063837904
960,9368,15,7,0.003906,736,66342,2.357081,2.3422741059613195,step2v2_0618_h960_ffnh9368_numh15_numl7_lr3.906e-03_bs736_ti66342_mlr1.00e-05,100000000000,214663680,465.84499063837904
960,9368,15,7,0.001381,192,254313,2.393257,2.354579460927984,step2v2_0618_h960_ffnh9368_numh15_numl7_lr1.381e-03_bs192_ti254313_mlr1.00e-05,100000000000,214663680,465.84499063837904
960,9368,15,7,0.0006905,352,138716,2.358972,2.3642792766895067,step2v2_0618_h960_ffnh9368_numh15_numl7_lr6.905e-04_bs352_ti138716_mlr1.00e-05,100000000000,214663680,465.84499063837904
960,9368,15,7,0.007812,512,95367,2.352086,2.3494301150240684,step2v2_0618_h960_ffnh9368_numh15_numl7_lr7.812e-03_bs512_ti95367_mlr1.00e-05,100000000000,214663680,465.84499063837904
960,9368,15,7,0.0004883,512,95367,2.381191,2.3781761356770184,step2v2_0618_h960_ffnh9368_numh15_numl7_lr4.883e-04_bs512_ti95367_mlr1.00e-05,100000000000,214663680,465.84499063837904
960,9368,15,7,0.0004883,352,138716,2.367824,2.3721272288581146,step2v2_0618_h960_ffnh9368_numh15_numl7_lr4.883e-04_bs352_ti138716_mlr1.00e-05,100000000000,214663680,465.84499063837904
960,9368,15,7,0.007812,352,138716,2.354422,2.359829980909621,step2v2_0618_h960_ffnh9368_numh15_numl7_lr7.812e-03_bs352_ti138716_mlr1.00e-05,100000000000,214663680,465.84499063837904
960,9368,15,7,0.005524,2048,23841,2.348586,2.356920624702917,step2v2_0618_h960_ffnh9368_numh15_numl7_lr5.524e-03_bs2048_ti23841_mlr1.00e-05,100000000000,214663680,465.84499063837904
960,9368,15,7,0.003906,192,254313,2.398822,2.360023059825179,step2v2_0618_h960_ffnh9368_numh15_numl7_lr3.906e-03_bs192_ti254313_mlr1.00e-05,100000000000,214663680,465.84499063837904
960,9368,15,7,0.0009766,736,66342,2.380266,2.365008412520753,step2v2_0618_h960_ffnh9368_numh15_numl7_lr9.766e-04_bs736_ti66342_mlr1.00e-05,100000000000,214663680,465.84499063837904
960,9368,15,7,0.003906,512,95367,2.349219,2.3463578313704248,step2v2_0618_h960_ffnh9368_numh15_numl7_lr3.906e-03_bs512_ti95367_mlr1.00e-05,100000000000,214663680,465.84499063837904
960,9368,15,7,0.0003453,64,762939,2.378493,2.380013986876808,step2v2_0618_h960_ffnh9368_numh15_numl7_lr3.453e-04_bs64_ti762939_mlr1.00e-05,100000000000,214663680,465.84499063837904
960,9368,15,7,0.005524,128,381469,2.44805,2.3863945187244533,step2v2_0618_h960_ffnh9368_numh15_numl7_lr5.524e-03_bs128_ti381469_mlr1.00e-05,100000000000,214663680,465.84499063837904
960,9368,15,7,0.007812,128,381469,2.462305,2.399498174907446,step2v2_0618_h960_ffnh9368_numh15_numl7_lr7.812e-03_bs128_ti381469_mlr1.00e-05,100000000000,214663680,465.84499063837904
960,9368,15,7,0.001381,64,762939,2.37255,2.376007011092981,step2v2_0618_h960_ffnh9368_numh15_numl7_lr1.381e-03_bs64_ti762939_mlr1.00e-05,100000000000,214663680,465.84499063837904
960,9368,15,7,0.01105,32,1525878,2.552112,2.532804071823813,step2v2_0618_h960_ffnh9368_numh15_numl7_lr1.105e-02_bs32_ti1525878_mlr1.00e-05,100000000000,214663680,465.84499063837904
960,9368,15,7,0.0006905,2048,23841,2.395864,2.403909365271511,step2v2_0618_h960_ffnh9368_numh15_numl7_lr6.905e-04_bs2048_ti23841_mlr1.00e-05,100000000000,214663680,465.84499063837904
960,9368,15,7,0.003906,64,762939,2.404886,2.406381895619392,step2v2_0618_h960_ffnh9368_numh15_numl7_lr3.906e-03_bs64_ti762939_mlr1.00e-05,100000000000,214663680,465.84499063837904
960,9368,15,7,0.007812,736,66342,2.360298,2.346051504113463,step2v2_0618_h960_ffnh9368_numh15_numl7_lr7.812e-03_bs736_ti66342_mlr1.00e-05,100000000000,214663680,465.84499063837904
960,9368,15,7,0.0002441,64,762939,2.383864,2.38698560599479,step2v2_0618_h960_ffnh9368_numh15_numl7_lr2.441e-04_bs64_ti762939_mlr1.00e-05,100000000000,214663680,465.84499063837904
960,9368,15,7,0.001953,32,1525878,2.452338,2.4305214250147875,step2v2_0618_h960_ffnh9368_numh15_numl7_lr1.953e-03_bs32_ti1525878_mlr1.00e-05,100000000000,214663680,465.84499063837904
960,9368,15,7,0.003906,32,1525878,2.486813,2.467442388510172,step2v2_0618_h960_ffnh9368_numh15_numl7_lr3.906e-03_bs32_ti1525878_mlr1.00e-05,100000000000,214663680,465.84499063837904
960,9368,15,7,0.0004883,256,190734,2.340528,2.369734762671821,step2v2_0618_h960_ffnh9368_numh15_numl7_lr4.883e-04_bs256_ti190734_mlr1.00e-05,100000000000,214663680,465.84499063837904
960,9368,15,7,0.01105,128,381469,2.488476,2.428044637578453,step2v2_0618_h960_ffnh9368_numh15_numl7_lr1.105e-02_bs128_ti381469_mlr1.00e-05,100000000000,214663680,465.84499063837904
960,9368,15,7,0.001953,2048,23841,2.363978,2.372149247313339,step2v2_0618_h960_ffnh9368_numh15_numl7_lr1.953e-03_bs2048_ti23841_mlr1.00e-05,100000000000,214663680,465.84499063837904
960,9368,15,7,0.0006905,192,254313,2.400871,2.3607361358060737,step2v2_0618_h960_ffnh9368_numh15_numl7_lr6.905e-04_bs192_ti254313_mlr1.00e-05,100000000000,214663680,465.84499063837904
960,9368,15,7,0.0002441,512,95367,2.40346,2.4014129115043192,step2v2_0618_h960_ffnh9368_numh15_numl7_lr2.441e-04_bs512_ti95367_mlr1.00e-05,100000000000,214663680,465.84499063837904
960,9368,15,7,0.0002441,192,254313,2.427039,2.387399497234489,step2v2_0618_h960_ffnh9368_numh15_numl7_lr2.441e-04_bs192_ti254313_mlr1.00e-05,100000000000,214663680,465.84499063837904
960,9368,15,7,0.002762,352,138716,2.340949,2.346673623339132,step2v2_0618_h960_ffnh9368_numh15_numl7_lr2.762e-03_bs352_ti138716_mlr1.00e-05,100000000000,214663680,465.84499063837904
960,9368,15,7,0.0004883,192,254313,2.410149,2.3686896557810813,step2v2_0618_h960_ffnh9368_numh15_numl7_lr4.883e-04_bs192_ti254313_mlr1.00e-05,100000000000,214663680,465.84499063837904
960,9368,15,7,0.01105,256,190734,2.357445,2.383575025499705,step2v2_0618_h960_ffnh9368_numh15_numl7_lr1.105e-02_bs256_ti190734_mlr1.00e-05,100000000000,214663680,465.84499063837904
960,9368,15,7,0.007812,192,254313,2.418105,2.380526820529147,step2v2_0618_h960_ffnh9368_numh15_numl7_lr7.812e-03_bs192_ti254313_mlr1.00e-05,100000000000,214663680,465.84499063837904
960,9368,15,7,0.01105,64,762939,2.503365,2.507513935822346,step2v2_0618_h960_ffnh9368_numh15_numl7_lr1.105e-02_bs64_ti762939_mlr1.00e-05,100000000000,214663680,465.84499063837904
960,9368,15,7,0.0006905,736,66342,2.390471,2.375468155457096,step2v2_0618_h960_ffnh9368_numh15_numl7_lr6.905e-04_bs736_ti66342_mlr1.00e-05,100000000000,214663680,465.84499063837904
960,9368,15,7,0.005524,64,762939,2.412967,2.417419608784305,step2v2_0618_h960_ffnh9368_numh15_numl7_lr5.524e-03_bs64_ti762939_mlr1.00e-05,100000000000,214663680,465.84499063837904
960,9368,15,7,0.0003453,192,254313,2.418899,2.3775538122137467,step2v2_0618_h960_ffnh9368_numh15_numl7_lr3.453e-04_bs192_ti254313_mlr1.00e-05,100000000000,214663680,465.84499063837904
960,9368,15,7,0.002762,1024,47683,2.337647,2.3502373611144862,step2v2_0618_h960_ffnh9368_numh15_numl7_lr2.762e-03_bs1024_ti47683_mlr1.00e-05,100000000000,214663680,465.84499063837904
960,9368,15,7,0.01105,2048,23841,2.357582,2.366666891995782,step2v2_0618_h960_ffnh9368_numh15_numl7_lr1.105e-02_bs2048_ti23841_mlr1.00e-05,100000000000,214663680,465.84499063837904
960,9368,15,7,0.0004883,64,762939,2.372163,2.3754484477187665,step2v2_0618_h960_ffnh9368_numh15_numl7_lr4.883e-04_bs64_ti762939_mlr1.00e-05,100000000000,214663680,465.84499063837904
960,9368,15,7,0.01105,192,254313,2.435252,2.3973968395240584,step2v2_0618_h960_ffnh9368_numh15_numl7_lr1.105e-02_bs192_ti254313_mlr1.00e-05,100000000000,214663680,465.84499063837904
960,9368,15,7,0.007812,1024,47683,2.32848,2.342013841717418,step2v2_0618_h960_ffnh9368_numh15_numl7_lr7.812e-03_bs1024_ti47683_mlr1.00e-05,100000000000,214663680,465.84499063837904
960,9368,15,7,0.0003453,256,190734,2.351857,2.3797198688794445,step2v2_0618_h960_ffnh9368_numh15_numl7_lr3.453e-04_bs256_ti190734_mlr1.00e-05,100000000000,214663680,465.84499063837904
960,9368,15,7,0.002762,256,190734,2.322484,2.3508951847274573,step2v2_0618_h960_ffnh9368_numh15_numl7_lr2.762e-03_bs256_ti190734_mlr1.00e-05,100000000000,214663680,465.84499063837904
960,9368,15,7,0.01105,736,66342,2.36737,2.3529222556832106,step2v2_0618_h960_ffnh9368_numh15_numl7_lr1.105e-02_bs736_ti66342_mlr1.00e-05,100000000000,214663680,465.84499063837904
960,9368,15,7,0.001381,736,66342,2.371432,2.3569870108609954,step2v2_0618_h960_ffnh9368_numh15_numl7_lr1.381e-03_bs736_ti66342_mlr1.00e-05,100000000000,214663680,465.84499063837904
960,9368,15,7,0.001381,352,138716,2.344792,2.3513068847046688,step2v2_0618_h960_ffnh9368_numh15_numl7_lr1.381e-03_bs352_ti138716_mlr1.00e-05,100000000000,214663680,465.84499063837904
960,9368,15,7,0.01105,352,138716,2.368677,2.3739400775362283,step2v2_0618_h960_ffnh9368_numh15_numl7_lr1.105e-02_bs352_ti138716_mlr1.00e-05,100000000000,214663680,465.84499063837904
960,9368,15,7,0.002762,64,762939,2.391159,2.3938424018365803,step2v2_0618_h960_ffnh9368_numh15_numl7_lr2.762e-03_bs64_ti762939_mlr1.00e-05,100000000000,214663680,465.84499063837904
960,9368,15,7,0.0003453,2048,23841,2.425806,2.433339382085948,step2v2_0618_h960_ffnh9368_numh15_numl7_lr3.453e-04_bs2048_ti23841_mlr1.00e-05,100000000000,214663680,465.84499063837904
960,9368,15,7,0.0004883,2048,23841,2.409234,2.41729526328266,step2v2_0618_h960_ffnh9368_numh15_numl7_lr4.883e-04_bs2048_ti23841_mlr1.00e-05,100000000000,214663680,465.84499063837904
960,9368,15,7,0.005524,512,95367,2.347962,2.345460963512769,step2v2_0618_h960_ffnh9368_numh15_numl7_lr5.524e-03_bs512_ti95367_mlr1.00e-05,100000000000,214663680,465.84499063837904
960,9368,15,7,0.001953,512,95367,2.349858,2.346910854084805,step2v2_0618_h960_ffnh9368_numh15_numl7_lr1.953e-03_bs512_ti95367_mlr1.00e-05,100000000000,214663680,465.84499063837904
960,9368,15,7,0.0009766,512,95367,2.362134,2.359547361115782,step2v2_0618_h960_ffnh9368_numh15_numl7_lr9.766e-04_bs512_ti95367_mlr1.00e-05,100000000000,214663680,465.84499063837904
960,9368,15,7,0.001953,192,254313,2.391704,2.3531544765676173,step2v2_0618_h960_ffnh9368_numh15_numl7_lr1.953e-03_bs192_ti254313_mlr1.00e-05,100000000000,214663680,465.84499063837904
960,9368,15,7,0.005524,352,138716,2.345856,2.351953590110084,step2v2_0618_h960_ffnh9368_numh15_numl7_lr5.524e-03_bs352_ti138716_mlr1.00e-05,100000000000,214663680,465.84499063837904
960,9368,15,7,0.0009766,64,762939,2.36974,2.373319010284847,step2v2_0618_h960_ffnh9368_numh15_numl7_lr9.766e-04_bs64_ti762939_mlr1.00e-05,100000000000,214663680,465.84499063837904
960,9368,15,7,0.001953,128,381469,2.423271,2.360047129075336,step2v2_0618_h960_ffnh9368_numh15_numl7_lr1.953e-03_bs128_ti381469_mlr1.00e-05,100000000000,214663680,465.84499063837904
960,9368,15,7,0.0002441,352,138716,2.389953,2.3953447377226227,step2v2_0618_h960_ffnh9368_numh15_numl7_lr2.441e-04_bs352_ti138716_mlr1.00e-05,100000000000,214663680,465.84499063837904
960,9368,15,7,0.0009766,352,138716,2.350474,2.355695334061094,step2v2_0618_h960_ffnh9368_numh15_numl7_lr9.766e-04_bs352_ti138716_mlr1.00e-05,100000000000,214663680,465.84499063837904
960,9368,15,7,0.0003453,352,138716,2.377572,2.383424635597366,step2v2_0618_h960_ffnh9368_numh15_numl7_lr3.453e-04_bs352_ti138716_mlr1.00e-05,100000000000,214663680,465.84499063837904
960,9368,15,7,0.003906,1024,47683,2.3304,2.3437764287111635,step2v2_0618_h960_ffnh9368_numh15_numl7_lr3.906e-03_bs1024_ti47683_mlr1.00e-05,100000000000,214663680,465.84499063837904
960,9368,15,7,0.01105,512,95367,2.362219,2.3591575693581293,step2v2_0618_h960_ffnh9368_numh15_numl7_lr1.105e-02_bs512_ti95367_mlr1.00e-05,100000000000,214663680,465.84499063837904
960,9368,15,7,0.007812,64,762939,2.444991,2.449716349049837,step2v2_0618_h960_ffnh9368_numh15_numl7_lr7.812e-03_bs64_ti762939_mlr1.00e-05,100000000000,214663680,465.84499063837904
960,9368,15,7,0.002762,192,254313,2.393616,2.355397642116164,step2v2_0618_h960_ffnh9368_numh15_numl7_lr2.762e-03_bs192_ti254313_mlr1.00e-05,100000000000,214663680,465.84499063837904
960,9368,15,7,0.007812,2048,23841,2.349467,2.358280539956027,step2v2_0618_h960_ffnh9368_numh15_numl7_lr7.812e-03_bs2048_ti23841_mlr1.00e-05,100000000000,214663680,465.84499063837904
960,9368,15,7,0.001953,64,762939,2.380816,2.383608774336637,step2v2_0618_h960_ffnh9368_numh15_numl7_lr1.953e-03_bs64_ti762939_mlr1.00e-05,100000000000,214663680,465.84499063837904
960,9368,15,7,0.001381,512,95367,2.354742,2.352641919977844,step2v2_0618_h960_ffnh9368_numh15_numl7_lr1.381e-03_bs512_ti95367_mlr1.00e-05,100000000000,214663680,465.84499063837904
960,9368,15,7,0.0009766,128,381469,2.42427,2.359392655125105,step2v2_0618_h960_ffnh9368_numh15_numl7_lr9.766e-04_bs128_ti381469_mlr1.00e-05,100000000000,214663680,465.84499063837904
960,9368,15,7,0.001381,1024,47683,2.34895,2.3618699218116106,step2v2_0618_h960_ffnh9368_numh15_numl7_lr1.381e-03_bs1024_ti47683_mlr1.00e-05,100000000000,214663680,465.84499063837904
960,9368,15,7,0.0003453,128,381469,2.43914,2.374598226418498,step2v2_0618_h960_ffnh9368_numh15_numl7_lr3.453e-04_bs128_ti381469_mlr1.00e-05,100000000000,214663680,465.84499063837904
960,9368,15,7,0.005524,32,1525878,2.525791,2.506268964105206,step2v2_0618_h960_ffnh9368_numh15_numl7_lr5.524e-03_bs32_ti1525878_mlr1.00e-05,100000000000,214663680,465.84499063837904
960,9368,15,7,0.007812,256,190734,2.352373,2.3798171676416984,step2v2_0618_h960_ffnh9368_numh15_numl7_lr7.812e-03_bs256_ti190734_mlr1.00e-05,100000000000,214663680,465.84499063837904
960,9368,15,7,0.0004883,128,381469,2.433877,2.367659717245245,step2v2_0618_h960_ffnh9368_numh15_numl7_lr4.883e-04_bs128_ti381469_mlr1.00e-05,100000000000,214663680,465.84499063837904
960,9368,15,7,0.0009766,192,254313,2.397099,2.356888164952008,step2v2_0618_h960_ffnh9368_numh15_numl7_lr9.766e-04_bs192_ti254313_mlr1.00e-05,100000000000,214663680,465.84499063837904
960,9368,15,7,0.0002441,2048,23841,2.445769,2.4541231680528006,step2v2_0618_h960_ffnh9368_numh15_numl7_lr2.441e-04_bs2048_ti23841_mlr1.00e-05,100000000000,214663680,465.84499063837904
960,9368,15,7,0.0006905,1024,47683,2.369479,2.382370178346688,step2v2_0618_h960_ffnh9368_numh15_numl7_lr6.905e-04_bs1024_ti47683_mlr1.00e-05,100000000000,214663680,465.84499063837904
960,9368,15,7,0.0004883,32,1525878,2.428751,2.408143727176552,step2v2_0618_h960_ffnh9368_numh15_numl7_lr4.883e-04_bs32_ti1525878_mlr1.00e-05,100000000000,214663680,465.84499063837904
960,9368,15,7,0.0003453,1024,47683,2.393665,2.4067548631038846,step2v2_0618_h960_ffnh9368_numh15_numl7_lr3.453e-04_bs1024_ti47683_mlr1.00e-05,100000000000,214663680,465.84499063837904
960,9368,15,7,0.0009766,1024,47683,2.357774,2.3705618233761987,step2v2_0618_h960_ffnh9368_numh15_numl7_lr9.766e-04_bs1024_ti47683_mlr1.00e-05,100000000000,214663680,465.84499063837904
960,9368,15,7,0.0006905,32,1525878,2.429279,2.4086154406905216,step2v2_0618_h960_ffnh9368_numh15_numl7_lr6.905e-04_bs32_ti1525878_mlr1.00e-05,100000000000,214663680,465.84499063837904
960,9368,15,7,0.003906,128,381469,2.435321,2.3731218005500616,step2v2_0618_h960_ffnh9368_numh15_numl7_lr3.906e-03_bs128_ti381469_mlr1.00e-05,100000000000,214663680,465.84499063837904
960,9368,15,7,0.001381,32,1525878,2.441489,2.419490761699607,step2v2_0618_h960_ffnh9368_numh15_numl7_lr1.381e-03_bs32_ti1525878_mlr1.00e-05,100000000000,214663680,465.84499063837904
960,9368,15,7,0.005524,192,254313,2.407685,2.369564867489477,step2v2_0618_h960_ffnh9368_numh15_numl7_lr5.524e-03_bs192_ti254313_mlr1.00e-05,100000000000,214663680,465.84499063837904
960,9368,15,7,0.0002441,128,381469,2.448428,2.3844294408157,step2v2_0618_h960_ffnh9368_numh15_numl7_lr2.441e-04_bs128_ti381469_mlr1.00e-05,100000000000,214663680,465.84499063837904
960,9368,15,7,0.001381,256,190734,2.322948,2.351777032591648,step2v2_0618_h960_ffnh9368_numh15_numl7_lr1.381e-03_bs256_ti190734_mlr1.00e-05,100000000000,214663680,465.84499063837904
960,9368,15,7,0.0009766,256,190734,2.327252,2.3556059482698224,step2v2_0618_h960_ffnh9368_numh15_numl7_lr9.766e-04_bs256_ti190734_mlr1.00e-05,100000000000,214663680,465.84499063837904
960,9368,15,7,0.001953,1024,47683,2.343277,2.355723076508513,step2v2_0618_h960_ffnh9368_numh15_numl7_lr1.953e-03_bs1024_ti47683_mlr1.00e-05,100000000000,214663680,465.84499063837904
960,9368,15,7,0.0006905,64,762939,2.370881,2.3735178225561984,step2v2_0618_h960_ffnh9368_numh15_numl7_lr6.905e-04_bs64_ti762939_mlr1.00e-05,100000000000,214663680,465.84499063837904
960,9368,15,7,0.007812,32,1525878,2.554162,2.533246275326859,step2v2_0618_h960_ffnh9368_numh15_numl7_lr7.812e-03_bs32_ti1525878_mlr1.00e-05,100000000000,214663680,465.84499063837904
960,9368,15,7,0.001953,736,66342,2.364721,2.349986728281328,step2v2_0618_h960_ffnh9368_numh15_numl7_lr1.953e-03_bs736_ti66342_mlr1.00e-05,100000000000,214663680,465.84499063837904
960,9368,15,7,0.005524,1024,47683,2.328834,2.342157021169182,step2v2_0618_h960_ffnh9368_numh15_numl7_lr5.524e-03_bs1024_ti47683_mlr1.00e-05,100000000000,214663680,465.84499063837904
960,9368,15,7,0.002762,128,381469,2.42881,2.3658819905833437,step2v2_0618_h960_ffnh9368_numh15_numl7_lr2.762e-03_bs128_ti381469_mlr1.00e-05,100000000000,214663680,465.84499063837904
960,9368,15,7,0.001953,352,138716,2.34214,2.3479131840225014,step2v2_0618_h960_ffnh9368_numh15_numl7_lr1.953e-03_bs352_ti138716_mlr1.00e-05,100000000000,214663680,465.84499063837904
960,9368,15,7,0.001953,256,190734,2.322113,2.3504055117647487,step2v2_0618_h960_ffnh9368_numh15_numl7_lr1.953e-03_bs256_ti190734_mlr1.00e-05,100000000000,214663680,465.84499063837904
960,9368,15,7,0.0003453,512,95367,2.391627,2.388892465508027,step2v2_0618_h960_ffnh9368_numh15_numl7_lr3.453e-04_bs512_ti95367_mlr1.00e-05,100000000000,214663680,465.84499063837904
960,9368,15,7,0.0009766,2048,23841,2.382764,2.390779339066178,step2v2_0618_h960_ffnh9368_numh15_numl7_lr9.766e-04_bs2048_ti23841_mlr1.00e-05,100000000000,214663680,465.84499063837904
960,9368,15,7,0.002762,32,1525878,2.467844,2.4444715660774494,step2v2_0618_h960_ffnh9368_numh15_numl7_lr2.762e-03_bs32_ti1525878_mlr1.00e-05,100000000000,214663680,465.84499063837904
960,9368,15,7,0.003906,256,190734,2.325314,2.353908375904682,step2v2_0618_h960_ffnh9368_numh15_numl7_lr3.906e-03_bs256_ti190734_mlr1.00e-05,100000000000,214663680,465.84499063837904
960,9368,15,7,0.0002441,736,66342,2.425437,2.4103654349719705,step2v2_0618_h960_ffnh9368_numh15_numl7_lr2.441e-04_bs736_ti66342_mlr1.00e-05,100000000000,214663680,465.84499063837904
960,9368,15,7,0.005524,256,190734,2.332844,2.359938746878039,step2v2_0618_h960_ffnh9368_numh15_numl7_lr5.524e-03_bs256_ti190734_mlr1.00e-05,100000000000,214663680,465.84499063837904
960,9368,15,7,0.002762,2048,23841,2.352728,2.360710251787306,step2v2_0618_h960_ffnh9368_numh15_numl7_lr2.762e-03_bs2048_ti23841_mlr1.00e-05,100000000000,214663680,465.84499063837904
960,9368,15,7,0.005524,736,66342,2.359013,2.344456954054861,step2v2_0618_h960_ffnh9368_numh15_numl7_lr5.524e-03_bs736_ti66342_mlr1.00e-05,100000000000,214663680,465.84499063837904
960,9368,15,7,0.0002441,32,1525878,2.436425,2.4149911317338746,step2v2_0618_h960_ffnh9368_numh15_numl7_lr2.441e-04_bs32_ti1525878_mlr1.00e-05,100000000000,214663680,465.84499063837904
960,9368,15,7,0.0002441,1024,47683,2.407506,2.4212090431141293,step2v2_0618_h960_ffnh9368_numh15_numl7_lr2.441e-04_bs1024_ti47683_mlr1.00e-05,100000000000,214663680,465.84499063837904
960,9368,15,7,0.0004883,1024,47683,2.380701,2.3933363850588103,step2v2_0618_h960_ffnh9368_numh15_numl7_lr4.883e-04_bs1024_ti47683_mlr1.00e-05,100000000000,214663680,465.84499063837904
960,9368,15,7,0.0006905,128,381469,2.426921,2.36349684322996,step2v2_0618_h960_ffnh9368_numh15_numl7_lr6.905e-04_bs128_ti381469_mlr1.00e-05,100000000000,214663680,465.84499063837904
960,9368,15,7,0.005524,256,7629,2.752003,2.698275872794284,step2v2_0618_h960_ffnh9368_numh15_numl7_lr5.524e-03_bs256_ti7629_mlr1.00e-05,4000000000,214663680,18.63379962553516
960,9368,15,7,0.0004883,128,15258,2.700275,2.6694388730108467,step2v2_0618_h960_ffnh9368_numh15_numl7_lr4.883e-04_bs128_ti15258_mlr1.00e-05,4000000000,214663680,18.63379962553516
960,9368,15,7,0.01562,192,10172,6.543977,6.512177819294824,step2v2_0618_h960_ffnh9368_numh15_numl7_lr1.562e-02_bs192_ti10172_mlr1.00e-05,4000000000,214663680,18.63379962553516
960,9368,15,7,0.01562,32,61035,6.457381,6.437593363596776,step2v2_0618_h960_ffnh9368_numh15_numl7_lr1.562e-02_bs32_ti61035_mlr1.00e-05,4000000000,214663680,18.63379962553516
960,9368,15,7,0.0009766,1024,1907,2.775475,2.792431709894802,step2v2_0618_h960_ffnh9368_numh15_numl7_lr9.766e-04_bs1024_ti1907_mlr1.00e-05,4000000000,214663680,18.63379962553516
960,9368,15,7,0.002762,256,7629,2.689792,2.6358803404164144,step2v2_0618_h960_ffnh9368_numh15_numl7_lr2.762e-03_bs256_ti7629_mlr1.00e-05,4000000000,214663680,18.63379962553516
960,9368,15,7,0.003906,64,30517,2.637723,2.6348261032526943,step2v2_0618_h960_ffnh9368_numh15_numl7_lr3.906e-03_bs64_ti30517_mlr1.00e-05,4000000000,214663680,18.63379962553516
960,9368,15,7,0.001381,64,30517,2.635494,2.631063629137486,step2v2_0618_h960_ffnh9368_numh15_numl7_lr1.381e-03_bs64_ti30517_mlr1.00e-05,4000000000,214663680,18.63379962553516
960,9368,15,7,0.01562,128,15258,6.911527,6.89535783586173,step2v2_0618_h960_ffnh9368_numh15_numl7_lr1.562e-02_bs128_ti15258_mlr1.00e-05,4000000000,214663680,18.63379962553516
960,9368,15,7,0.001381,512,3814,2.690903,2.7026081545172187,step2v2_0618_h960_ffnh9368_numh15_numl7_lr1.381e-03_bs512_ti3814_mlr1.00e-05,4000000000,214663680,18.63379962553516
960,9368,15,7,0.002762,64,30517,2.633639,2.625073650785905,step2v2_0618_h960_ffnh9368_numh15_numl7_lr2.762e-03_bs64_ti30517_mlr1.00e-05,4000000000,214663680,18.63379962553516
960,9368,15,7,0.005524,736,2653,2.744512,2.7622197776452118,step2v2_0618_h960_ffnh9368_numh15_numl7_lr5.524e-03_bs736_ti2653_mlr1.00e-05,4000000000,214663680,18.63379962553516
960,9368,15,7,0.001953,736,2653,2.691092,2.708034817459325,step2v2_0618_h960_ffnh9368_numh15_numl7_lr1.953e-03_bs736_ti2653_mlr1.00e-05,4000000000,214663680,18.63379962553516
960,9368,15,7,0.001953,2048,953,2.957443,2.9558602715613502,step2v2_0618_h960_ffnh9368_numh15_numl7_lr1.953e-03_bs2048_ti953_mlr1.00e-05,4000000000,214663680,18.63379962553516
960,9368,15,7,0.01105,64,30517,6.846703,6.880301326892555,step2v2_0618_h960_ffnh9368_numh15_numl7_lr1.105e-02_bs64_ti30517_mlr1.00e-05,4000000000,214663680,18.63379962553516
960,9368,15,7,0.0009766,2048,953,2.995705,2.9942447837530244,step2v2_0618_h960_ffnh9368_numh15_numl7_lr9.766e-04_bs2048_ti953_mlr1.00e-05,4000000000,214663680,18.63379962553516
960,9368,15,7,0.001953,64,30517,2.628162,2.622431654485119,step2v2_0618_h960_ffnh9368_numh15_numl7_lr1.953e-03_bs64_ti30517_mlr1.00e-05,4000000000,214663680,18.63379962553516
960,9368,15,7,0.005524,128,15258,2.728537,2.698850576561012,step2v2_0618_h960_ffnh9368_numh15_numl7_lr5.524e-03_bs128_ti15258_mlr1.00e-05,4000000000,214663680,18.63379962553516
960,9368,15,7,0.0006905,1024,1907,2.789407,2.806351669158716,step2v2_0618_h960_ffnh9368_numh15_numl7_lr6.905e-04_bs1024_ti1907_mlr1.00e-05,4000000000,214663680,18.63379962553516
960,9368,15,7,0.0004883,512,3814,2.729671,2.7425708582335857,step2v2_0618_h960_ffnh9368_numh15_numl7_lr4.883e-04_bs512_ti3814_mlr1.00e-05,4000000000,214663680,18.63379962553516
960,9368,15,7,0.0221,1024,1907,6.626075,6.638412971137955,step2v2_0618_h960_ffnh9368_numh15_numl7_lr2.210e-02_bs1024_ti1907_mlr1.00e-05,4000000000,214663680,18.63379962553516
960,9368,15,7,0.002762,736,2653,2.683074,2.7008686932059613,step2v2_0618_h960_ffnh9368_numh15_numl7_lr2.762e-03_bs736_ti2653_mlr1.00e-05,4000000000,214663680,18.63379962553516
960,9368,15,7,0.001381,256,7629,2.708724,2.655395661175284,step2v2_0618_h960_ffnh9368_numh15_numl7_lr1.381e-03_bs256_ti7629_mlr1.00e-05,4000000000,214663680,18.63379962553516
960,9368,15,7,0.007812,1024,1907,2.843543,2.8598187039120657,step2v2_0618_h960_ffnh9368_numh15_numl7_lr7.812e-03_bs1024_ti1907_mlr1.00e-05,4000000000,214663680,18.63379962553516
960,9368,15,7,0.001953,128,15258,2.659476,2.626457119798917,step2v2_0618_h960_ffnh9368_numh15_numl7_lr1.953e-03_bs128_ti15258_mlr1.00e-05,4000000000,214663680,18.63379962553516
960,9368,15,7,0.01105,352,5548,2.790683,2.757854713167645,step2v2_0618_h960_ffnh9368_numh15_numl7_lr1.105e-02_bs352_ti5548_mlr1.00e-05,4000000000,214663680,18.63379962553516
960,9368,15,7,0.007812,32,61035,2.839999,2.876099565158526,step2v2_0618_h960_ffnh9368_numh15_numl7_lr7.812e-03_bs32_ti61035_mlr1.00e-05,4000000000,214663680,18.63379962553516
960,9368,15,7,0.0221,2048,953,6.867767,6.865034855901375,step2v2_0618_h960_ffnh9368_numh15_numl7_lr2.210e-02_bs2048_ti953_mlr1.00e-05,4000000000,214663680,18.63379962553516
960,9368,15,7,0.01105,512,3814,2.769315,2.7807784525093866,step2v2_0618_h960_ffnh9368_numh15_numl7_lr1.105e-02_bs512_ti3814_mlr1.00e-05,4000000000,214663680,18.63379962553516
960,9368,15,7,0.002762,512,3814,2.667648,2.6786507908544066,step2v2_0618_h960_ffnh9368_numh15_numl7_lr2.762e-03_bs512_ti3814_mlr1.00e-05,4000000000,214663680,18.63379962553516
960,9368,15,7,0.005524,192,10172,2.738893,2.696445097035334,step2v2_0618_h960_ffnh9368_numh15_numl7_lr5.524e-03_bs192_ti10172_mlr1.00e-05,4000000000,214663680,18.63379962553516
960,9368,15,7,0.0004883,2048,953,3.029618,3.028207037201188,step2v2_0618_h960_ffnh9368_numh15_numl7_lr4.883e-04_bs2048_ti953_mlr1.00e-05,4000000000,214663680,18.63379962553516
960,9368,15,7,0.01562,736,2653,6.666737,6.678602572272248,step2v2_0618_h960_ffnh9368_numh15_numl7_lr1.562e-02_bs736_ti2653_mlr1.00e-05,4000000000,214663680,18.63379962553516
960,9368,15,7,0.0006905,256,7629,2.734028,2.6802635747088392,step2v2_0618_h960_ffnh9368_numh15_numl7_lr6.905e-04_bs256_ti7629_mlr1.00e-05,4000000000,214663680,18.63379962553516
960,9368,15,7,0.0221,736,2653,6.786053,6.800992987767321,step2v2_0618_h960_ffnh9368_numh15_numl7_lr2.210e-02_bs736_ti2653_mlr1.00e-05,4000000000,214663680,18.63379962553516
960,9368,15,7,0.0221,32,61035,6.79353,6.741274505746641,step2v2_0618_h960_ffnh9368_numh15_numl7_lr2.210e-02_bs32_ti61035_mlr1.00e-05,4000000000,214663680,18.63379962553516
960,9368,15,7,0.002762,352,5548,2.683172,2.652358008972337,step2v2_0618_h960_ffnh9368_numh15_numl7_lr2.762e-03_bs352_ti5548_mlr1.00e-05,4000000000,214663680,18.63379962553516
960,9368,15,7,0.0006905,352,5548,2.725368,2.6955414012975605,step2v2_0618_h960_ffnh9368_numh15_numl7_lr6.905e-04_bs352_ti5548_mlr1.00e-05,4000000000,214663680,18.63379962553516
960,9368,15,7,0.01105,256,7629,2.800361,2.747101158989965,step2v2_0618_h960_ffnh9368_numh15_numl7_lr1.105e-02_bs256_ti7629_mlr1.00e-05,4000000000,214663680,18.63379962553516
960,9368,15,7,0.003906,128,15258,2.676945,2.644123472595404,step2v2_0618_h960_ffnh9368_numh15_numl7_lr3.906e-03_bs128_ti15258_mlr1.00e-05,4000000000,214663680,18.63379962553516
960,9368,15,7,0.001381,352,5548,2.694424,2.662929739279784,step2v2_0618_h960_ffnh9368_numh15_numl7_lr1.381e-03_bs352_ti5548_mlr1.00e-05,4000000000,214663680,18.63379962553516
960,9368,15,7,0.001381,2048,953,2.989339,2.9877752489981826,step2v2_0618_h960_ffnh9368_numh15_numl7_lr1.381e-03_bs2048_ti953_mlr1.00e-05,4000000000,214663680,18.63379962553516
960,9368,15,7,0.005524,32,61035,2.671601,2.7157729936259205,step2v2_0618_h960_ffnh9368_numh15_numl7_lr5.524e-03_bs32_ti61035_mlr1.00e-05,4000000000,214663680,18.63379962553516
960,9368,15,7,0.002762,128,15258,2.655342,2.621446470745137,step2v2_0618_h960_ffnh9368_numh15_numl7_lr2.762e-03_bs128_ti15258_mlr1.00e-05,4000000000,214663680,18.63379962553516
960,9368,15,7,0.0221,64,30517,6.518632,6.552660532404752,step2v2_0618_h960_ffnh9368_numh15_numl7_lr2.210e-02_bs64_ti30517_mlr1.00e-05,4000000000,214663680,18.63379962553516
960,9368,15,7,0.002762,192,10172,2.676602,2.6325321035766907,step2v2_0618_h960_ffnh9368_numh15_numl7_lr2.762e-03_bs192_ti10172_mlr1.00e-05,4000000000,214663680,18.63379962553516
960,9368,15,7,0.0009766,64,30517,2.640777,2.636215324566969,step2v2_0618_h960_ffnh9368_numh15_numl7_lr9.766e-04_bs64_ti30517_mlr1.00e-05,4000000000,214663680,18.63379962553516
960,9368,15,7,0.007812,736,2653,2.765598,2.7830686984175106,step2v2_0618_h960_ffnh9368_numh15_numl7_lr7.812e-03_bs736_ti2653_mlr1.00e-05,4000000000,214663680,18.63379962553516
960,9368,15,7,0.003906,352,5548,2.7003,2.6686013794275563,step2v2_0618_h960_ffnh9368_numh15_numl7_lr3.906e-03_bs352_ti5548_mlr1.00e-05,4000000000,214663680,18.63379962553516
960,9368,15,7,0.01105,128,15258,6.760716,6.7433597863982575,step2v2_0618_h960_ffnh9368_numh15_numl7_lr1.105e-02_bs128_ti15258_mlr1.00e-05,4000000000,214663680,18.63379962553516
960,9368,15,7,0.005524,512,3814,2.722828,2.734664775494853,step2v2_0618_h960_ffnh9368_numh15_numl7_lr5.524e-03_bs512_ti3814_mlr1.00e-05,4000000000,214663680,18.63379962553516
960,9368,15,7,0.0006905,64,30517,2.651544,2.645120681066301,step2v2_0618_h960_ffnh9368_numh15_numl7_lr6.905e-04_bs64_ti30517_mlr1.00e-05,4000000000,214663680,18.63379962553516
960,9368,15,7,0.005524,2048,953,3.012168,3.0102143356467264,step2v2_0618_h960_ffnh9368_numh15_numl7_lr5.524e-03_bs2048_ti953_mlr1.00e-05,4000000000,214663680,18.63379962553516
960,9368,15,7,0.0006905,128,15258,2.686187,2.65317475704387,step2v2_0618_h960_ffnh9368_numh15_numl7_lr6.905e-04_bs128_ti15258_mlr1.00e-05,4000000000,214663680,18.63379962553516
960,9368,15,7,0.001381,1024,1907,2.744425,2.7607308961537558,step2v2_0618_h960_ffnh9368_numh15_numl7_lr1.381e-03_bs1024_ti1907_mlr1.00e-05,4000000000,214663680,18.63379962553516
960,9368,15,7,0.005524,352,5548,2.72779,2.6967611570552568,step2v2_0618_h960_ffnh9368_numh15_numl7_lr5.524e-03_bs352_ti5548_mlr1.00e-05,4000000000,214663680,18.63379962553516
960,9368,15,7,0.001953,256,7629,2.693583,2.639938859140625,step2v2_0618_h960_ffnh9368_numh15_numl7_lr1.953e-03_bs256_ti7629_mlr1.00e-05,4000000000,214663680,18.63379962553516
960,9368,15,7,0.0221,512,3814,6.510764,6.517037189141779,step2v2_0618_h960_ffnh9368_numh15_numl7_lr2.210e-02_bs512_ti3814_mlr1.00e-05,4000000000,214663680,18.63379962553516
960,9368,15,7,0.0004883,32,61035,2.612445,2.653155444951807,step2v2_0618_h960_ffnh9368_numh15_numl7_lr4.883e-04_bs32_ti61035_mlr1.00e-05,4000000000,214663680,18.63379962553516
960,9368,15,7,0.0006905,192,10172,2.714851,2.6709105692711352,step2v2_0618_h960_ffnh9368_numh15_numl7_lr6.905e-04_bs192_ti10172_mlr1.00e-05,4000000000,214663680,18.63379962553516
960,9368,15,7,0.0006905,32,61035,2.605473,2.6475007093802847,step2v2_0618_h960_ffnh9368_numh15_numl7_lr6.905e-04_bs32_ti61035_mlr1.00e-05,4000000000,214663680,18.63379962553516
960,9368,15,7,0.001953,32,61035,2.604625,2.6470160799262787,step2v2_0618_h960_ffnh9368_numh15_numl7_lr1.953e-03_bs32_ti61035_mlr1.00e-05,4000000000,214663680,18.63379962553516
960,9368,15,7,0.001953,1024,1907,2.734656,2.751690415371544,step2v2_0618_h960_ffnh9368_numh15_numl7_lr1.953e-03_bs1024_ti1907_mlr1.00e-05,4000000000,214663680,18.63379962553516
960,9368,15,7,0.002762,32,61035,2.611731,2.6542696016184864,step2v2_0618_h960_ffnh9368_numh15_numl7_lr2.762e-03_bs32_ti61035_mlr1.00e-05,4000000000,214663680,18.63379962553516
960,9368,15,7,0.01562,256,7629,2.945251,2.889969432056005,step2v2_0618_h960_ffnh9368_numh15_numl7_lr1.562e-02_bs256_ti7629_mlr1.00e-05,4000000000,214663680,18.63379962553516
960,9368,15,7,0.0004883,352,5548,2.745652,2.714744831464074,step2v2_0618_h960_ffnh9368_numh15_numl7_lr4.883e-04_bs352_ti5548_mlr1.00e-05,4000000000,214663680,18.63379962553516
960,9368,15,7,0.003906,1024,1907,2.749289,2.7659862095441032,step2v2_0618_h960_ffnh9368_numh15_numl7_lr3.906e-03_bs1024_ti1907_mlr1.00e-05,4000000000,214663680,18.63379962553516
960,9368,15,7,0.0004883,736,2653,2.770526,2.7888604998559297,step2v2_0618_h960_ffnh9368_numh15_numl7_lr4.883e-04_bs736_ti2653_mlr1.00e-05,4000000000,214663680,18.63379962553516
960,9368,15,7,0.001381,128,15258,2.666653,2.6335638029671484,step2v2_0618_h960_ffnh9368_numh15_numl7_lr1.381e-03_bs128_ti15258_mlr1.00e-05,4000000000,214663680,18.63379962553516
960,9368,15,7,0.0004883,256,7629,2.746819,2.694518538117097,step2v2_0618_h960_ffnh9368_numh15_numl7_lr4.883e-04_bs256_ti7629_mlr1.00e-05,4000000000,214663680,18.63379962553516
960,9368,15,7,0.003906,256,7629,2.699755,2.6463869749064988,step2v2_0618_h960_ffnh9368_numh15_numl7_lr3.906e-03_bs256_ti7629_mlr1.00e-05,4000000000,214663680,18.63379962553516
960,9368,15,7,0.01562,352,5548,6.693921,6.6835152151218855,step2v2_0618_h960_ffnh9368_numh15_numl7_lr1.562e-02_bs352_ti5548_mlr1.00e-05,4000000000,214663680,18.63379962553516
960,9368,15,7,0.001381,32,61035,2.596925,2.6390840628827887,step2v2_0618_h960_ffnh9368_numh15_numl7_lr1.381e-03_bs32_ti61035_mlr1.00e-05,4000000000,214663680,18.63379962553516
960,9368,15,7,0.0221,352,5548,6.574004,6.56404624695433,step2v2_0618_h960_ffnh9368_numh15_numl7_lr2.210e-02_bs352_ti5548_mlr1.00e-05,4000000000,214663680,18.63379962553516
960,9368,15,7,0.0221,128,15258,6.431684,6.4086953699228335,step2v2_0618_h960_ffnh9368_numh15_numl7_lr2.210e-02_bs128_ti15258_mlr1.00e-05,4000000000,214663680,18.63379962553516
960,9368,15,7,0.0004883,64,30517,2.659871,2.6542962158769807,step2v2_0618_h960_ffnh9368_numh15_numl7_lr4.883e-04_bs64_ti30517_mlr1.00e-05,4000000000,214663680,18.63379962553516
960,9368,15,7,0.007812,352,5548,2.772547,2.741625105497537,step2v2_0618_h960_ffnh9368_numh15_numl7_lr7.812e-03_bs352_ti5548_mlr1.00e-05,4000000000,214663680,18.63379962553516
960,9368,15,7,0.0009766,352,5548,2.715641,2.6846682194045064,step2v2_0618_h960_ffnh9368_numh15_numl7_lr9.766e-04_bs352_ti5548_mlr1.00e-05,4000000000,214663680,18.63379962553516
960,9368,15,7,0.01562,1024,1907,6.378222,6.393284731198573,step2v2_0618_h960_ffnh9368_numh15_numl7_lr1.562e-02_bs1024_ti1907_mlr1.00e-05,4000000000,214663680,18.63379962553516
960,9368,15,7,0.0004883,192,10172,2.724123,2.6816827070911446,step2v2_0618_h960_ffnh9368_numh15_numl7_lr4.883e-04_bs192_ti10172_mlr1.00e-05,4000000000,214663680,18.63379962553516
960,9368,15,7,0.0009766,256,7629,2.721377,2.6694754366569136,step2v2_0618_h960_ffnh9368_numh15_numl7_lr9.766e-04_bs256_ti7629_mlr1.00e-05,4000000000,214663680,18.63379962553516
960,9368,15,7,0.002762,1024,1907,2.729779,2.7466915344656577,step2v2_0618_h960_ffnh9368_numh15_numl7_lr2.762e-03_bs1024_ti1907_mlr1.00e-05,4000000000,214663680,18.63379962553516
960,9368,15,7,0.005524,1024,1907,2.816,2.833183397302776,step2v2_0618_h960_ffnh9368_numh15_numl7_lr5.524e-03_bs1024_ti1907_mlr1.00e-05,4000000000,214663680,18.63379962553516
960,9368,15,7,0.002762,2048,953,2.971467,2.9696952352056467,step2v2_0618_h960_ffnh9368_numh15_numl7_lr2.762e-03_bs2048_ti953_mlr1.00e-05,4000000000,214663680,18.63379962553516
960,9368,15,7,0.0221,192,10172,6.438018,6.399321029407974,step2v2_0618_h960_ffnh9368_numh15_numl7_lr2.210e-02_bs192_ti10172_mlr1.00e-05,4000000000,214663680,18.63379962553516
960,9368,15,7,0.0004883,1024,1907,2.826662,2.8445161973129336,step2v2_0618_h960_ffnh9368_numh15_numl7_lr4.883e-04_bs1024_ti1907_mlr1.00e-05,4000000000,214663680,18.63379962553516
960,9368,15,7,0.007812,512,3814,2.732217,2.743556364314312,step2v2_0618_h960_ffnh9368_numh15_numl7_lr7.812e-03_bs512_ti3814_mlr1.00e-05,4000000000,214663680,18.63379962553516
960,9368,15,7,0.01562,64,30517,6.540029,6.571811170500211,step2v2_0618_h960_ffnh9368_numh15_numl7_lr1.562e-02_bs64_ti30517_mlr1.00e-05,4000000000,214663680,18.63379962553516
960,9368,15,7,0.007812,256,7629,2.766615,2.71339719661744,step2v2_0618_h960_ffnh9368_numh15_numl7_lr7.812e-03_bs256_ti7629_mlr1.00e-05,4000000000,214663680,18.63379962553516
960,9368,15,7,0.01105,1024,1907,2.890114,2.907126609070297,step2v2_0618_h960_ffnh9368_numh15_numl7_lr1.105e-02_bs1024_ti1907_mlr1.00e-05,4000000000,214663680,18.63379962553516
960,9368,15,7,0.0221,256,7629,6.75994,6.729994606121708,step2v2_0618_h960_ffnh9368_numh15_numl7_lr2.210e-02_bs256_ti7629_mlr1.00e-05,4000000000,214663680,18.63379962553516
960,9368,15,7,0.003906,736,2653,2.701895,2.719399190238791,step2v2_0618_h960_ffnh9368_numh15_numl7_lr3.906e-03_bs736_ti2653_mlr1.00e-05,4000000000,214663680,18.63379962553516
960,9368,15,7,0.01105,2048,953,3.159467,3.1576974493435697,step2v2_0618_h960_ffnh9368_numh15_numl7_lr1.105e-02_bs2048_ti953_mlr1.00e-05,4000000000,214663680,18.63379962553516
960,9368,15,7,0.01562,512,3814,5.582024,5.594832235349551,step2v2_0618_h960_ffnh9368_numh15_numl7_lr1.562e-02_bs512_ti3814_mlr1.00e-05,4000000000,214663680,18.63379962553516
960,9368,15,7,0.0006905,512,3814,2.707428,2.7191424121673275,step2v2_0618_h960_ffnh9368_numh15_numl7_lr6.905e-04_bs512_ti3814_mlr1.00e-05,4000000000,214663680,18.63379962553516
960,9368,15,7,0.003906,32,61035,2.628925,2.6712544522625468,step2v2_0618_h960_ffnh9368_numh15_numl7_lr3.906e-03_bs32_ti61035_mlr1.00e-05,4000000000,214663680,18.63379962553516
960,9368,15,7,0.003906,2048,953,2.926355,2.924835676948212,step2v2_0618_h960_ffnh9368_numh15_numl7_lr3.906e-03_bs2048_ti953_mlr1.00e-05,4000000000,214663680,18.63379962553516
960,9368,15,7,0.01105,32,61035,2.811954,2.8505922745069108,step2v2_0618_h960_ffnh9368_numh15_numl7_lr1.105e-02_bs32_ti61035_mlr1.00e-05,4000000000,214663680,18.63379962553516
960,9368,15,7,0.007812,2048,953,3.108078,3.1060655958463808,step2v2_0618_h960_ffnh9368_numh15_numl7_lr7.812e-03_bs2048_ti953_mlr1.00e-05,4000000000,214663680,18.63379962553516
960,9368,15,7,0.007812,192,10172,2.753373,2.710786214341092,step2v2_0618_h960_ffnh9368_numh15_numl7_lr7.812e-03_bs192_ti10172_mlr1.00e-05,4000000000,214663680,18.63379962553516
960,9368,15,7,0.003906,512,3814,2.676975,2.6879335887279576,step2v2_0618_h960_ffnh9368_numh15_numl7_lr3.906e-03_bs512_ti3814_mlr1.00e-05,4000000000,214663680,18.63379962553516
960,9368,15,7,0.01105,192,10172,6.857866,6.829120527575071,step2v2_0618_h960_ffnh9368_numh15_numl7_lr1.105e-02_bs192_ti10172_mlr1.00e-05,4000000000,214663680,18.63379962553516
960,9368,15,7,0.001953,512,3814,2.667096,2.6784694150777715,step2v2_0618_h960_ffnh9368_numh15_numl7_lr1.953e-03_bs512_ti3814_mlr1.00e-05,4000000000,214663680,18.63379962553516
960,9368,15,7,0.01562,2048,953,6.002366,5.9984104429104335,step2v2_0618_h960_ffnh9368_numh15_numl7_lr1.562e-02_bs2048_ti953_mlr1.00e-05,4000000000,214663680,18.63379962553516
960,9368,15,7,0.001381,192,10172,2.690785,2.646480124884845,step2v2_0618_h960_ffnh9368_numh15_numl7_lr1.381e-03_bs192_ti10172_mlr1.00e-05,4000000000,214663680,18.63379962553516
960,9368,15,7,0.0009766,736,2653,2.719412,2.736743069634883,step2v2_0618_h960_ffnh9368_numh15_numl7_lr9.766e-04_bs736_ti2653_mlr1.00e-05,4000000000,214663680,18.63379962553516
960,9368,15,7,0.001953,192,10172,2.678309,2.6354087319012782,step2v2_0618_h960_ffnh9368_numh15_numl7_lr1.953e-03_bs192_ti10172_mlr1.00e-05,4000000000,214663680,18.63379962553516
960,9368,15,7,0.0006905,2048,953,3.008752,3.007616803962798,step2v2_0618_h960_ffnh9368_numh15_numl7_lr6.905e-04_bs2048_ti953_mlr1.00e-05,4000000000,214663680,18.63379962553516
960,9368,15,7,0.001953,352,5548,2.68571,2.655325328745719,step2v2_0618_h960_ffnh9368_numh15_numl7_lr1.953e-03_bs352_ti5548_mlr1.00e-05,4000000000,214663680,18.63379962553516
960,9368,15,7,0.005524,64,30517,2.696332,2.692232921436638,step2v2_0618_h960_ffnh9368_numh15_numl7_lr5.524e-03_bs64_ti30517_mlr1.00e-05,4000000000,214663680,18.63379962553516
960,9368,15,7,0.0009766,128,15258,2.676996,2.644004090354488,step2v2_0618_h960_ffnh9368_numh15_numl7_lr9.766e-04_bs128_ti15258_mlr1.00e-05,4000000000,214663680,18.63379962553516
960,9368,15,7,0.0006905,736,2653,2.740086,2.758212699423005,step2v2_0618_h960_ffnh9368_numh15_numl7_lr6.905e-04_bs736_ti2653_mlr1.00e-05,4000000000,214663680,18.63379962553516
960,9368,15,7,0.007812,64,30517,2.714233,2.712663099896538,step2v2_0618_h960_ffnh9368_numh15_numl7_lr7.812e-03_bs64_ti30517_mlr1.00e-05,4000000000,214663680,18.63379962553516
960,9368,15,7,0.0009766,192,10172,2.698454,2.655402928218168,step2v2_0618_h960_ffnh9368_numh15_numl7_lr9.766e-04_bs192_ti10172_mlr1.00e-05,4000000000,214663680,18.63379962553516
960,9368,15,7,0.0009766,512,3814,2.701194,2.7127295252787107,step2v2_0618_h960_ffnh9368_numh15_numl7_lr9.766e-04_bs512_ti3814_mlr1.00e-05,4000000000,214663680,18.63379962553516
960,9368,15,7,0.01105,736,2653,2.807802,2.82440625239304,step2v2_0618_h960_ffnh9368_numh15_numl7_lr1.105e-02_bs736_ti2653_mlr1.00e-05,4000000000,214663680,18.63379962553516
960,9368,15,7,0.001381,736,2653,2.713961,2.7311696595610404,step2v2_0618_h960_ffnh9368_numh15_numl7_lr1.381e-03_bs736_ti2653_mlr1.00e-05,4000000000,214663680,18.63379962553516
960,9368,15,7,0.007812,128,15258,2.733316,2.707260066019366,step2v2_0618_h960_ffnh9368_numh15_numl7_lr7.812e-03_bs128_ti15258_mlr1.00e-05,4000000000,214663680,18.63379962553516
960,9368,15,7,0.003906,192,10172,2.680363,2.635877355827141,step2v2_0618_h960_ffnh9368_numh15_numl7_lr3.906e-03_bs192_ti10172_mlr1.00e-05,4000000000,214663680,18.63379962553516
960,9368,15,7,0.007812,64,86822,2.54926,2.567685769896674,step2v2_0618_h960_ffnh9368_numh15_numl7_lr7.812e-03_bs64_ti86822_mlr1.00e-05,11400000000,214663680,53.10632893277521
960,9368,15,7,0.001953,64,86822,2.479835,2.501202771955805,step2v2_0618_h960_ffnh9368_numh15_numl7_lr1.953e-03_bs64_ti86822_mlr1.00e-05,11400000000,214663680,53.10632893277521
960,9368,15,7,0.002762,1024,5426,2.540675,2.546176865308965,step2v2_0618_h960_ffnh9368_numh15_numl7_lr2.762e-03_bs1024_ti5426_mlr1.00e-05,11400000000,214663680,53.10632893277521
960,9368,15,7,0.007812,192,28940,2.512998,2.5436255329921296,step2v2_0618_h960_ffnh9368_numh15_numl7_lr7.812e-03_bs192_ti28940_mlr1.00e-05,11400000000,214663680,53.10632893277521
960,9368,15,7,0.01562,2048,2713,6.529248,6.531066654926992,step2v2_0618_h960_ffnh9368_numh15_numl7_lr1.562e-02_bs2048_ti2713_mlr1.00e-05,11400000000,214663680,53.10632893277521
960,9368,15,7,0.002762,32,173645,2.489158,2.5531505928618667,step2v2_0618_h960_ffnh9368_numh15_numl7_lr2.762e-03_bs32_ti173645_mlr1.00e-05,11400000000,214663680,53.10632893277521
960,9368,15,7,0.002762,64,86822,2.483029,2.5060001295815173,step2v2_0618_h960_ffnh9368_numh15_numl7_lr2.762e-03_bs64_ti86822_mlr1.00e-05,11400000000,214663680,53.10632893277521
960,9368,15,7,0.007812,512,10852,2.557556,2.541731059421463,step2v2_0618_h960_ffnh9368_numh15_numl7_lr7.812e-03_bs512_ti10852_mlr1.00e-05,11400000000,214663680,53.10632893277521
960,9368,15,7,0.0221,736,7549,6.803935,6.79469767479362,step2v2_0618_h960_ffnh9368_numh15_numl7_lr2.210e-02_bs736_ti7549_mlr1.00e-05,11400000000,214663680,53.10632893277521
960,9368,15,7,0.005524,64,86822,2.521728,2.5401703914375893,step2v2_0618_h960_ffnh9368_numh15_numl7_lr5.524e-03_bs64_ti86822_mlr1.00e-05,11400000000,214663680,53.10632893277521
960,9368,15,7,0.0006905,64,86822,2.48995,2.5111724704794334,step2v2_0618_h960_ffnh9368_numh15_numl7_lr6.905e-04_bs64_ti86822_mlr1.00e-05,11400000000,214663680,53.10632893277521
960,9368,15,7,0.002762,128,43411,2.464136,2.48590715100218,step2v2_0618_h960_ffnh9368_numh15_numl7_lr2.762e-03_bs128_ti43411_mlr1.00e-05,11400000000,214663680,53.10632893277521
960,9368,15,7,0.0004883,128,43411,2.502225,2.52576114142207,step2v2_0618_h960_ffnh9368_numh15_numl7_lr4.883e-04_bs128_ti43411_mlr1.00e-05,11400000000,214663680,53.10632893277521
960,9368,15,7,0.003906,736,7549,2.527373,2.5267490395664027,step2v2_0618_h960_ffnh9368_numh15_numl7_lr3.906e-03_bs736_ti7549_mlr1.00e-05,11400000000,214663680,53.10632893277521
960,9368,15,7,0.01105,512,10852,2.572145,2.557796681173304,step2v2_0618_h960_ffnh9368_numh15_numl7_lr1.105e-02_bs512_ti10852_mlr1.00e-05,11400000000,214663680,53.10632893277521
960,9368,15,7,0.003906,256,21705,2.464449,2.4899993466593764,step2v2_0618_h960_ffnh9368_numh15_numl7_lr3.906e-03_bs256_ti21705_mlr1.00e-05,11400000000,214663680,53.10632893277521
960,9368,15,7,0.002762,256,21705,2.46321,2.4887990756842986,step2v2_0618_h960_ffnh9368_numh15_numl7_lr2.762e-03_bs256_ti21705_mlr1.00e-05,11400000000,214663680,53.10632893277521
960,9368,15,7,0.0009766,64,86822,2.483642,2.5054389499643124,step2v2_0618_h960_ffnh9368_numh15_numl7_lr9.766e-04_bs64_ti86822_mlr1.00e-05,11400000000,214663680,53.10632893277521
960,9368,15,7,0.001953,736,7549,2.531522,2.5310892134964704,step2v2_0618_h960_ffnh9368_numh15_numl7_lr1.953e-03_bs736_ti7549_mlr1.00e-05,11400000000,214663680,53.10632893277521
960,9368,15,7,0.01105,2048,2713,2.690444,2.6981060604390144,step2v2_0618_h960_ffnh9368_numh15_numl7_lr1.105e-02_bs2048_ti2713_mlr1.00e-05,11400000000,214663680,53.10632893277521
960,9368,15,7,0.007812,128,43411,2.520296,2.5343744653893263,step2v2_0618_h960_ffnh9368_numh15_numl7_lr7.812e-03_bs128_ti43411_mlr1.00e-05,11400000000,214663680,53.10632893277521
960,9368,15,7,0.001381,736,7549,2.544914,2.5448227043140967,step2v2_0618_h960_ffnh9368_numh15_numl7_lr1.381e-03_bs736_ti7549_mlr1.00e-05,11400000000,214663680,53.10632893277521
960,9368,15,7,0.0221,64,86822,6.95436,6.969275109896509,step2v2_0618_h960_ffnh9368_numh15_numl7_lr2.210e-02_bs64_ti86822_mlr1.00e-05,11400000000,214663680,53.10632893277521
960,9368,15,7,0.001953,352,15785,2.492115,2.5035776874492623,step2v2_0618_h960_ffnh9368_numh15_numl7_lr1.953e-03_bs352_ti15785_mlr1.00e-05,11400000000,214663680,53.10632893277521
960,9368,15,7,0.007812,352,15785,2.540549,2.5520129448992024,step2v2_0618_h960_ffnh9368_numh15_numl7_lr7.812e-03_bs352_ti15785_mlr1.00e-05,11400000000,214663680,53.10632893277521
960,9368,15,7,0.01562,192,28940,7.049195,7.031850958725514,step2v2_0618_h960_ffnh9368_numh15_numl7_lr1.562e-02_bs192_ti28940_mlr1.00e-05,11400000000,214663680,53.10632893277521
960,9368,15,7,0.0221,352,15785,6.435555,6.456701410381904,step2v2_0618_h960_ffnh9368_numh15_numl7_lr2.210e-02_bs352_ti15785_mlr1.00e-05,11400000000,214663680,53.10632893277521
960,9368,15,7,0.0009766,32,173645,2.456829,2.526235272222638,step2v2_0618_h960_ffnh9368_numh15_numl7_lr9.766e-04_bs32_ti173645_mlr1.00e-05,11400000000,214663680,53.10632893277521
960,9368,15,7,0.007812,2048,2713,2.665553,2.6730412783549835,step2v2_0618_h960_ffnh9368_numh15_numl7_lr7.812e-03_bs2048_ti2713_mlr1.00e-05,11400000000,214663680,53.10632893277521
960,9368,15,7,0.0221,32,173645,7.071953,7.077580534957664,step2v2_0618_h960_ffnh9368_numh15_numl7_lr2.210e-02_bs32_ti173645_mlr1.00e-05,11400000000,214663680,53.10632893277521
960,9368,15,7,0.01105,352,15785,2.564733,2.57566222039294,step2v2_0618_h960_ffnh9368_numh15_numl7_lr1.105e-02_bs352_ti15785_mlr1.00e-05,11400000000,214663680,53.10632893277521
960,9368,15,7,0.0004883,32,173645,2.458681,2.528481641368234,step2v2_0618_h960_ffnh9368_numh15_numl7_lr4.883e-04_bs32_ti173645_mlr1.00e-05,11400000000,214663680,53.10632893277521
960,9368,15,7,0.001381,512,10852,2.544996,2.530443313166057,step2v2_0618_h960_ffnh9368_numh15_numl7_lr1.381e-03_bs512_ti10852_mlr1.00e-05,11400000000,214663680,53.10632893277521
960,9368,15,7,0.0004883,736,7549,2.590775,2.5896054042415564,step2v2_0618_h960_ffnh9368_numh15_numl7_lr4.883e-04_bs736_ti7549_mlr1.00e-05,11400000000,214663680,53.10632893277521
960,9368,15,7,0.001381,1024,5426,2.566567,2.5725893416985017,step2v2_0618_h960_ffnh9368_numh15_numl7_lr1.381e-03_bs1024_ti5426_mlr1.00e-05,11400000000,214663680,53.10632893277521
960,9368,15,7,0.0009766,128,43411,2.482751,2.505639833884634,step2v2_0618_h960_ffnh9368_numh15_numl7_lr9.766e-04_bs128_ti43411_mlr1.00e-05,11400000000,214663680,53.10632893277521
960,9368,15,7,0.007812,736,7549,2.554986,2.553807417894672,step2v2_0618_h960_ffnh9368_numh15_numl7_lr7.812e-03_bs736_ti7549_mlr1.00e-05,11400000000,214663680,53.10632893277521
960,9368,15,7,0.001381,32,173645,2.461626,2.528352698539299,step2v2_0618_h960_ffnh9368_numh15_numl7_lr1.381e-03_bs32_ti173645_mlr1.00e-05,11400000000,214663680,53.10632893277521
960,9368,15,7,0.003906,64,86822,2.503133,2.5247486061389712,step2v2_0618_h960_ffnh9368_numh15_numl7_lr3.906e-03_bs64_ti86822_mlr1.00e-05,11400000000,214663680,53.10632893277521
960,9368,15,7,0.0009766,1024,5426,2.571986,2.5781041013472663,step2v2_0618_h960_ffnh9368_numh15_numl7_lr9.766e-04_bs1024_ti5426_mlr1.00e-05,11400000000,214663680,53.10632893277521
960,9368,15,7,0.002762,736,7549,2.519558,2.5194549470664303,step2v2_0618_h960_ffnh9368_numh15_numl7_lr2.762e-03_bs736_ti7549_mlr1.00e-05,11400000000,214663680,53.10632893277521
960,9368,15,7,0.01105,256,21705,2.555444,2.5839142586331656,step2v2_0618_h960_ffnh9368_numh15_numl7_lr1.105e-02_bs256_ti21705_mlr1.00e-05,11400000000,214663680,53.10632893277521
960,9368,15,7,0.001953,1024,5426,2.548924,2.554663230849032,step2v2_0618_h960_ffnh9368_numh15_numl7_lr1.953e-03_bs1024_ti5426_mlr1.00e-05,11400000000,214663680,53.10632893277521
960,9368,15,7,0.01562,64,86822,2.731189,2.747770713775504,step2v2_0618_h960_ffnh9368_numh15_numl7_lr1.562e-02_bs64_ti86822_mlr1.00e-05,11400000000,214663680,53.10632893277521
960,9368,15,7,0.0004883,2048,2713,2.697289,2.704545294855442,step2v2_0618_h960_ffnh9368_numh15_numl7_lr4.883e-04_bs2048_ti2713_mlr1.00e-05,11400000000,214663680,53.10632893277521
960,9368,15,7,0.0004883,1024,5426,2.610302,2.6159183981494283,step2v2_0618_h960_ffnh9368_numh15_numl7_lr4.883e-04_bs1024_ti5426_mlr1.00e-05,11400000000,214663680,53.10632893277521
960,9368,15,7,0.002762,352,15785,2.48429,2.494951402080181,step2v2_0618_h960_ffnh9368_numh15_numl7_lr2.762e-03_bs352_ti15785_mlr1.00e-05,11400000000,214663680,53.10632893277521
960,9368,15,7,0.003906,512,10852,2.519002,2.504915901156203,step2v2_0618_h960_ffnh9368_numh15_numl7_lr3.906e-03_bs512_ti10852_mlr1.00e-05,11400000000,214663680,53.10632893277521
960,9368,15,7,0.01562,352,15785,6.82606,6.845232786617584,step2v2_0618_h960_ffnh9368_numh15_numl7_lr1.562e-02_bs352_ti15785_mlr1.00e-05,11400000000,214663680,53.10632893277521
960,9368,15,7,0.01562,1024,5426,6.57279,6.577974623979158,step2v2_0618_h960_ffnh9368_numh15_numl7_lr1.562e-02_bs1024_ti5426_mlr1.00e-05,11400000000,214663680,53.10632893277521
960,9368,15,7,0.003906,2048,2713,2.614273,2.6219134639457327,step2v2_0618_h960_ffnh9368_numh15_numl7_lr3.906e-03_bs2048_ti2713_mlr1.00e-05,11400000000,214663680,53.10632893277521
960,9368,15,7,0.0004883,512,10852,2.580091,2.5665961302826563,step2v2_0618_h960_ffnh9368_numh15_numl7_lr4.883e-04_bs512_ti10852_mlr1.00e-05,11400000000,214663680,53.10632893277521
960,9368,15,7,0.01562,512,10852,6.844935,6.866001744084572,step2v2_0618_h960_ffnh9368_numh15_numl7_lr1.562e-02_bs512_ti10852_mlr1.00e-05,11400000000,214663680,53.10632893277521
960,9368,15,7,0.0221,192,28940,6.668795,6.644508521636286,step2v2_0618_h960_ffnh9368_numh15_numl7_lr2.210e-02_bs192_ti28940_mlr1.00e-05,11400000000,214663680,53.10632893277521
960,9368,15,7,0.0221,2048,2713,6.771978,6.7765149967453056,step2v2_0618_h960_ffnh9368_numh15_numl7_lr2.210e-02_bs2048_ti2713_mlr1.00e-05,11400000000,214663680,53.10632893277521
960,9368,15,7,0.0006905,192,28940,2.493063,2.521558080524525,step2v2_0618_h960_ffnh9368_numh15_numl7_lr6.905e-04_bs192_ti28940_mlr1.00e-05,11400000000,214663680,53.10632893277521
960,9368,15,7,0.005524,256,21705,2.497931,2.524046148926389,step2v2_0618_h960_ffnh9368_numh15_numl7_lr5.524e-03_bs256_ti21705_mlr1.00e-05,11400000000,214663680,53.10632893277521
960,9368,15,7,0.005524,32,173645,2.541958,2.603790663095925,step2v2_0618_h960_ffnh9368_numh15_numl7_lr5.524e-03_bs32_ti173645_mlr1.00e-05,11400000000,214663680,53.10632893277521
960,9368,15,7,0.0009766,2048,2713,2.646289,2.653814457085641,step2v2_0618_h960_ffnh9368_numh15_numl7_lr9.766e-04_bs2048_ti2713_mlr1.00e-05,11400000000,214663680,53.10632893277521
960,9368,15,7,0.007812,256,21705,2.519631,2.5474807399005046,step2v2_0618_h960_ffnh9368_numh15_numl7_lr7.812e-03_bs256_ti21705_mlr1.00e-05,11400000000,214663680,53.10632893277521
960,9368,15,7,0.0006905,32,173645,2.458479,2.525005967339025,step2v2_0618_h960_ffnh9368_numh15_numl7_lr6.905e-04_bs32_ti173645_mlr1.00e-05,11400000000,214663680,53.10632893277521
960,9368,15,7,0.0006905,736,7549,2.574724,2.5740146315804,step2v2_0618_h960_ffnh9368_numh15_numl7_lr6.905e-04_bs736_ti7549_mlr1.00e-05,11400000000,214663680,53.10632893277521
960,9368,15,7,0.003906,128,43411,2.471372,2.490297303435792,step2v2_0618_h960_ffnh9368_numh15_numl7_lr3.906e-03_bs128_ti43411_mlr1.00e-05,11400000000,214663680,53.10632893277521
960,9368,15,7,0.001953,256,21705,2.468448,2.495343496693349,step2v2_0618_h960_ffnh9368_numh15_numl7_lr1.953e-03_bs256_ti21705_mlr1.00e-05,11400000000,214663680,53.10632893277521
960,9368,15,7,0.001953,512,10852,2.529094,2.5162864070654325,step2v2_0618_h960_ffnh9368_numh15_numl7_lr1.953e-03_bs512_ti10852_mlr1.00e-05,11400000000,214663680,53.10632893277521
960,9368,15,7,0.001381,256,21705,2.482751,2.5087555343746057,step2v2_0618_h960_ffnh9368_numh15_numl7_lr1.381e-03_bs256_ti21705_mlr1.00e-05,11400000000,214663680,53.10632893277521
960,9368,15,7,0.005524,512,10852,2.550324,2.5352484880621624,step2v2_0618_h960_ffnh9368_numh15_numl7_lr5.524e-03_bs512_ti10852_mlr1.00e-05,11400000000,214663680,53.10632893277521
960,9368,15,7,0.01105,128,43411,2.579521,2.592346629987296,step2v2_0618_h960_ffnh9368_numh15_numl7_lr1.105e-02_bs128_ti43411_mlr1.00e-05,11400000000,214663680,53.10632893277521
960,9368,15,7,0.007812,32,173645,2.646063,2.7094737525827988,step2v2_0618_h960_ffnh9368_numh15_numl7_lr7.812e-03_bs32_ti173645_mlr1.00e-05,11400000000,214663680,53.10632893277521
960,9368,15,7,0.0004883,192,28940,2.506512,2.5339312492342776,step2v2_0618_h960_ffnh9368_numh15_numl7_lr4.883e-04_bs192_ti28940_mlr1.00e-05,11400000000,214663680,53.10632893277521
960,9368,15,7,0.001381,352,15785,2.504225,2.514621724984739,step2v2_0618_h960_ffnh9368_numh15_numl7_lr1.381e-03_bs352_ti15785_mlr1.00e-05,11400000000,214663680,53.10632893277521
960,9368,15,7,0.003906,192,28940,2.460378,2.4877112597424653,step2v2_0618_h960_ffnh9368_numh15_numl7_lr3.906e-03_bs192_ti28940_mlr1.00e-05,11400000000,214663680,53.10632893277521
960,9368,15,7,0.01105,32,173645,2.717556,2.7755856560368173,step2v2_0618_h960_ffnh9368_numh15_numl7_lr1.105e-02_bs32_ti173645_mlr1.00e-05,11400000000,214663680,53.10632893277521
960,9368,15,7,0.0009766,352,15785,2.51722,2.5286242961455985,step2v2_0618_h960_ffnh9368_numh15_numl7_lr9.766e-04_bs352_ti15785_mlr1.00e-05,11400000000,214663680,53.10632893277521
960,9368,15,7,0.0009766,736,7549,2.558763,2.558820256599569,step2v2_0618_h960_ffnh9368_numh15_numl7_lr9.766e-04_bs736_ti7549_mlr1.00e-05,11400000000,214663680,53.10632893277521
960,9368,15,7,0.001953,128,43411,2.469671,2.491520588316196,step2v2_0618_h960_ffnh9368_numh15_numl7_lr1.953e-03_bs128_ti43411_mlr1.00e-05,11400000000,214663680,53.10632893277521
960,9368,15,7,0.002762,512,10852,2.525982,2.5118603731464684,step2v2_0618_h960_ffnh9368_numh15_numl7_lr2.762e-03_bs512_ti10852_mlr1.00e-05,11400000000,214663680,53.10632893277521
960,9368,15,7,0.005524,192,28940,2.465582,2.4943144756639968,step2v2_0618_h960_ffnh9368_numh15_numl7_lr5.524e-03_bs192_ti28940_mlr1.00e-05,11400000000,214663680,53.10632893277521
960,9368,15,7,0.001953,32,173645,2.470891,2.5361301925117075,step2v2_0618_h960_ffnh9368_numh15_numl7_lr1.953e-03_bs32_ti173645_mlr1.00e-05,11400000000,214663680,53.10632893277521
960,9368,15,7,0.01105,736,7549,2.580203,2.579205547741478,step2v2_0618_h960_ffnh9368_numh15_numl7_lr1.105e-02_bs736_ti7549_mlr1.00e-05,11400000000,214663680,53.10632893277521
960,9368,15,7,0.0006905,512,10852,2.567385,2.553457045254768,step2v2_0618_h960_ffnh9368_numh15_numl7_lr6.905e-04_bs512_ti10852_mlr1.00e-05,11400000000,214663680,53.10632893277521
960,9368,15,7,0.003906,1024,5426,2.540128,2.54575891622767,step2v2_0618_h960_ffnh9368_numh15_numl7_lr3.906e-03_bs1024_ti5426_mlr1.00e-05,11400000000,214663680,53.10632893277521
960,9368,15,7,0.0006905,2048,2713,2.664826,2.6726054070311243,step2v2_0618_h960_ffnh9368_numh15_numl7_lr6.905e-04_bs2048_ti2713_mlr1.00e-05,11400000000,214663680,53.10632893277521
960,9368,15,7,0.01105,64,86822,2.664391,2.680697108526937,step2v2_0618_h960_ffnh9368_numh15_numl7_lr1.105e-02_bs64_ti86822_mlr1.00e-05,11400000000,214663680,53.10632893277521
960,9368,15,7,0.005524,736,7549,2.551785,2.551323410375717,step2v2_0618_h960_ffnh9368_numh15_numl7_lr5.524e-03_bs736_ti7549_mlr1.00e-05,11400000000,214663680,53.10632893277521
960,9368,15,7,0.001381,2048,2713,2.637399,2.64519370655653,step2v2_0618_h960_ffnh9368_numh15_numl7_lr1.381e-03_bs2048_ti2713_mlr1.00e-05,11400000000,214663680,53.10632893277521
960,9368,15,7,0.0221,512,10852,6.573725,6.591906571424376,step2v2_0618_h960_ffnh9368_numh15_numl7_lr2.210e-02_bs512_ti10852_mlr1.00e-05,11400000000,214663680,53.10632893277521
960,9368,15,7,0.002762,192,28940,2.456904,2.484704606097089,step2v2_0618_h960_ffnh9368_numh15_numl7_lr2.762e-03_bs192_ti28940_mlr1.00e-05,11400000000,214663680,53.10632893277521
960,9368,15,7,0.0004883,64,86822,2.498596,2.5189970437713622,step2v2_0618_h960_ffnh9368_numh15_numl7_lr4.883e-04_bs64_ti86822_mlr1.00e-05,11400000000,214663680,53.10632893277521
960,9368,15,7,0.0006905,352,15785,2.524082,2.53579734041354,step2v2_0618_h960_ffnh9368_numh15_numl7_lr6.905e-04_bs352_ti15785_mlr1.00e-05,11400000000,214663680,53.10632893277521
960,9368,15,7,0.005524,1024,5426,2.571137,2.5758693597794946,step2v2_0618_h960_ffnh9368_numh15_numl7_lr5.524e-03_bs1024_ti5426_mlr1.00e-05,11400000000,214663680,53.10632893277521
960,9368,15,7,0.0221,128,43411,6.55575,6.6017849219906495,step2v2_0618_h960_ffnh9368_numh15_numl7_lr2.210e-02_bs128_ti43411_mlr1.00e-05,11400000000,214663680,53.10632893277521
960,9368,15,7,0.0006905,256,21705,2.503213,2.529000242457832,step2v2_0618_h960_ffnh9368_numh15_numl7_lr6.905e-04_bs256_ti21705_mlr1.00e-05,11400000000,214663680,53.10632893277521
960,9368,15,7,0.001381,128,43411,2.477932,2.498693898638097,step2v2_0618_h960_ffnh9368_numh15_numl7_lr1.381e-03_bs128_ti43411_mlr1.00e-05,11400000000,214663680,53.10632893277521
960,9368,15,7,0.005524,128,43411,2.48386,2.503010192258993,step2v2_0618_h960_ffnh9368_numh15_numl7_lr5.524e-03_bs128_ti43411_mlr1.00e-05,11400000000,214663680,53.10632893277521
960,9368,15,7,0.005524,352,15785,2.514112,2.523896344062984,step2v2_0618_h960_ffnh9368_numh15_numl7_lr5.524e-03_bs352_ti15785_mlr1.00e-05,11400000000,214663680,53.10632893277521
960,9368,15,7,0.01562,128,43411,2.61865,2.632886535562112,step2v2_0618_h960_ffnh9368_numh15_numl7_lr1.562e-02_bs128_ti43411_mlr1.00e-05,11400000000,214663680,53.10632893277521
960,9368,15,7,0.001381,64,86822,2.482246,2.501474126064792,step2v2_0618_h960_ffnh9368_numh15_numl7_lr1.381e-03_bs64_ti86822_mlr1.00e-05,11400000000,214663680,53.10632893277521
960,9368,15,7,0.0221,256,21705,6.54462,6.514135639072356,step2v2_0618_h960_ffnh9368_numh15_numl7_lr2.210e-02_bs256_ti21705_mlr1.00e-05,11400000000,214663680,53.10632893277521
960,9368,15,7,0.002762,2048,2713,2.597486,2.605304190470715,step2v2_0618_h960_ffnh9368_numh15_numl7_lr2.762e-03_bs2048_ti2713_mlr1.00e-05,11400000000,214663680,53.10632893277521
960,9368,15,7,0.001953,192,28940,2.464755,2.4916742646898866,step2v2_0618_h960_ffnh9368_numh15_numl7_lr1.953e-03_bs192_ti28940_mlr1.00e-05,11400000000,214663680,53.10632893277521
960,9368,15,7,0.005524,2048,2713,2.619823,2.627661939057896,step2v2_0618_h960_ffnh9368_numh15_numl7_lr5.524e-03_bs2048_ti2713_mlr1.00e-05,11400000000,214663680,53.10632893277521
960,9368,15,7,0.01105,192,28940,2.551199,2.5824528266339297,step2v2_0618_h960_ffnh9368_numh15_numl7_lr1.105e-02_bs192_ti28940_mlr1.00e-05,11400000000,214663680,53.10632893277521
960,9368,15,7,0.001953,2048,2713,2.610608,2.6187768927547497,step2v2_0618_h960_ffnh9368_numh15_numl7_lr1.953e-03_bs2048_ti2713_mlr1.00e-05,11400000000,214663680,53.10632893277521
960,9368,15,7,0.003906,352,15785,2.498444,2.508457781014022,step2v2_0618_h960_ffnh9368_numh15_numl7_lr3.906e-03_bs352_ti15785_mlr1.00e-05,11400000000,214663680,53.10632893277521
960,9368,15,7,0.0004883,352,15785,2.540982,2.552602844794281,step2v2_0618_h960_ffnh9368_numh15_numl7_lr4.883e-04_bs352_ti15785_mlr1.00e-05,11400000000,214663680,53.10632893277521
960,9368,15,7,0.0006905,1024,5426,2.58937,2.595300144588141,step2v2_0618_h960_ffnh9368_numh15_numl7_lr6.905e-04_bs1024_ti5426_mlr1.00e-05,11400000000,214663680,53.10632893277521
960,9368,15,7,0.003906,32,173645,2.514096,2.579881876181618,step2v2_0618_h960_ffnh9368_numh15_numl7_lr3.906e-03_bs32_ti173645_mlr1.00e-05,11400000000,214663680,53.10632893277521
960,9368,15,7,0.0009766,192,28940,2.483521,2.510599550239542,step2v2_0618_h960_ffnh9368_numh15_numl7_lr9.766e-04_bs192_ti28940_mlr1.00e-05,11400000000,214663680,53.10632893277521
960,9368,15,7,0.01105,1024,5426,2.590621,2.5957761112074067,step2v2_0618_h960_ffnh9368_numh15_numl7_lr1.105e-02_bs1024_ti5426_mlr1.00e-05,11400000000,214663680,53.10632893277521
960,9368,15,7,0.0009766,512,10852,2.552484,2.539346639000608,step2v2_0618_h960_ffnh9368_numh15_numl7_lr9.766e-04_bs512_ti10852_mlr1.00e-05,11400000000,214663680,53.10632893277521
960,9368,15,7,0.0009766,256,21705,2.493232,2.519566729019937,step2v2_0618_h960_ffnh9368_numh15_numl7_lr9.766e-04_bs256_ti21705_mlr1.00e-05,11400000000,214663680,53.10632893277521
960,9368,15,7,0.001381,192,28940,2.475673,2.5035636246161963,step2v2_0618_h960_ffnh9368_numh15_numl7_lr1.381e-03_bs192_ti28940_mlr1.00e-05,11400000000,214663680,53.10632893277521
960,9368,15,7,0.0004883,256,21705,2.515834,2.54335891617995,step2v2_0618_h960_ffnh9368_numh15_numl7_lr4.883e-04_bs256_ti21705_mlr1.00e-05,11400000000,214663680,53.10632893277521
960,9368,15,7,0.01562,256,21705,7.048223,7.019077257619767,step2v2_0618_h960_ffnh9368_numh15_numl7_lr1.562e-02_bs256_ti21705_mlr1.00e-05,11400000000,214663680,53.10632893277521
960,9368,15,7,0.0006905,128,43411,2.494471,2.5158815320948515,step2v2_0618_h960_ffnh9368_numh15_numl7_lr6.905e-04_bs128_ti43411_mlr1.00e-05,11400000000,214663680,53.10632893277521
960,9368,15,7,0.007812,1024,5426,2.581017,2.586565360616756,step2v2_0618_h960_ffnh9368_numh15_numl7_lr7.812e-03_bs1024_ti5426_mlr1.00e-05,11400000000,214663680,53.10632893277521
960,9368,15,7,0.01562,32,173645,2.733507,2.798375381246814,step2v2_0618_h960_ffnh9368_numh15_numl7_lr1.562e-02_bs32_ti173645_mlr1.00e-05,11400000000,214663680,53.10632893277521
960,9368,15,7,0.01562,736,7549,6.677231,6.666872820326825,step2v2_0618_h960_ffnh9368_numh15_numl7_lr1.562e-02_bs736_ti7549_mlr1.00e-05,11400000000,214663680,53.10632893277521
960,9368,15,7,0.000488,128,76293,2.534152,2.476587201687817,step2v2_0618_h960_ffnh9368_numh15_numl7_lr4.88E-04_bs128_ti76293_mlr1.00E-05,20000000000,214663680,93.16899812767582
960,9368,15,7,0.0156,16,610351,6.853418,6.950746587329271,step2v2_0618_h960_ffnh9368_numh15_numl7_lr1.56E-02_bs16_ti610351_mlr1.00E-05,20000000000,214663680,93.16899812767582
960,9368,15,7,0.0221,32,305175,6.817288,6.8735542754178764,step2v2_0618_h960_ffnh9368_numh15_numl7_lr2.21E-02_bs32_ti305175_mlr1.00E-05,20000000000,214663680,93.16899812767582
960,9368,15,7,0.0111,96,101725,2.602266,2.62889158115707,step2v2_0618_h960_ffnh9368_numh15_numl7_lr1.11E-02_bs96_ti101725_mlr1.00E-05,20000000000,214663680,93.16899812767582
960,9368,15,7,0.00552,256,38146,2.426507,2.4438043014690605,step2v2_0618_h960_ffnh9368_numh15_numl7_lr5.52E-03_bs256_ti38146_mlr1.00E-05,20000000000,214663680,93.16899812767582
960,9368,15,7,0.00138,16,610351,2.538121,2.571626702068025,step2v2_0618_h960_ffnh9368_numh15_numl7_lr1.38E-03_bs16_ti610351_mlr1.00E-05,20000000000,214663680,93.16899812767582
960,9368,15,7,0.000977,64,152587,2.448955,2.466720747465652,step2v2_0618_h960_ffnh9368_numh15_numl7_lr9.77E-04_bs64_ti152587_mlr1.00E-05,20000000000,214663680,93.16899812767582
960,9368,15,7,0.00552,24,406901,2.611157,2.6591519379790087,step2v2_0618_h960_ffnh9368_numh15_numl7_lr5.52E-03_bs24_ti406901_mlr1.00E-05,20000000000,214663680,93.16899812767582
960,9368,15,7,0.00391,512,19073,2.432323,2.448853270217567,step2v2_0618_h960_ffnh9368_numh15_numl7_lr3.91E-03_bs512_ti19073_mlr1.00E-05,20000000000,214663680,93.16899812767582
960,9368,15,7,0.0221,256,38146,6.555991,6.568364620371404,step2v2_0618_h960_ffnh9368_numh15_numl7_lr2.21E-02_bs256_ti38146_mlr1.00E-05,20000000000,214663680,93.16899812767582
960,9368,15,7,0.00138,256,38146,2.43953,2.457999210532303,step2v2_0618_h960_ffnh9368_numh15_numl7_lr1.38E-03_bs256_ti38146_mlr1.00E-05,20000000000,214663680,93.16899812767582
960,9368,15,7,0.0221,512,19073,7.03456,7.021031920432831,step2v2_0618_h960_ffnh9368_numh15_numl7_lr2.21E-02_bs512_ti19073_mlr1.00E-05,20000000000,214663680,93.16899812767582
960,9368,15,7,0.0111,192,50862,2.507379,2.5066735359351906,step2v2_0618_h960_ffnh9368_numh15_numl7_lr1.11E-02_bs192_ti50862_mlr1.00E-05,20000000000,214663680,93.16899812767582
960,9368,15,7,0.00195,256,38146,2.432085,2.450980795739988,step2v2_0618_h960_ffnh9368_numh15_numl7_lr1.95E-03_bs256_ti38146_mlr1.00E-05,20000000000,214663680,93.16899812767582
960,9368,15,7,0.000691,96,101725,2.438956,2.469096550009914,step2v2_0618_h960_ffnh9368_numh15_numl7_lr6.91E-04_bs96_ti101725_mlr1.00E-05,20000000000,214663680,93.16899812767582
960,9368,15,7,0.00391,24,406901,2.549859,2.5915939830679178,step2v2_0618_h960_ffnh9368_numh15_numl7_lr3.91E-03_bs24_ti406901_mlr1.00E-05,20000000000,214663680,93.16899812767582
960,9368,15,7,0.00781,32,305175,2.588911,2.633024455395316,step2v2_0618_h960_ffnh9368_numh15_numl7_lr7.81E-03_bs32_ti305175_mlr1.00E-05,20000000000,214663680,93.16899812767582
960,9368,15,7,0.00781,512,19073,2.466746,2.4819682509413834,step2v2_0618_h960_ffnh9368_numh15_numl7_lr7.81E-03_bs512_ti19073_mlr1.00E-05,20000000000,214663680,93.16899812767582
960,9368,15,7,0.00391,128,76293,2.514019,2.4582927857427923,step2v2_0618_h960_ffnh9368_numh15_numl7_lr3.91E-03_bs128_ti76293_mlr1.00E-05,20000000000,214663680,93.16899812767582
960,9368,15,7,0.000977,96,101725,2.430726,2.4612505031544565,step2v2_0618_h960_ffnh9368_numh15_numl7_lr9.77E-04_bs96_ti101725_mlr1.00E-05,20000000000,214663680,93.16899812767582
960,9368,15,7,0.000691,128,76293,2.525567,2.467746732399835,step2v2_0618_h960_ffnh9368_numh15_numl7_lr6.91E-04_bs128_ti76293_mlr1.00E-05,20000000000,214663680,93.16899812767582
960,9368,15,7,0.00138,128,76293,2.511507,2.4554239853919797,step2v2_0618_h960_ffnh9368_numh15_numl7_lr1.38E-03_bs128_ti76293_mlr1.00E-05,20000000000,214663680,93.16899812767582
960,9368,15,7,0.0111,1024,9536,2.523304,2.513801565884204,step2v2_0618_h960_ffnh9368_numh15_numl7_lr1.11E-02_bs1024_ti9536_mlr1.00E-05,20000000000,214663680,93.16899812767582
960,9368,15,7,0.000488,192,50862,2.486126,2.481264459636152,step2v2_0618_h960_ffnh9368_numh15_numl7_lr4.88E-04_bs192_ti50862_mlr1.00E-05,20000000000,214663680,93.16899812767582
960,9368,15,7,0.000691,192,50862,2.473951,2.47138068774642,step2v2_0618_h960_ffnh9368_numh15_numl7_lr6.91E-04_bs192_ti50862_mlr1.00E-05,20000000000,214663680,93.16899812767582
960,9368,15,7,0.000488,256,38146,2.468577,2.487855591109432,step2v2_0618_h960_ffnh9368_numh15_numl7_lr4.88E-04_bs256_ti38146_mlr1.00E-05,20000000000,214663680,93.16899812767582
960,9368,15,7,0.00552,192,50862,2.454485,2.45292670238538,step2v2_0618_h960_ffnh9368_numh15_numl7_lr5.52E-03_bs192_ti50862_mlr1.00E-05,20000000000,214663680,93.16899812767582
960,9368,15,7,0.000691,512,19073,2.474218,2.490947619510014,step2v2_0618_h960_ffnh9368_numh15_numl7_lr6.91E-04_bs512_ti19073_mlr1.00E-05,20000000000,214663680,93.16899812767582
960,9368,15,7,0.00138,32,305175,2.452963,2.4997124140722318,step2v2_0618_h960_ffnh9368_numh15_numl7_lr1.38E-03_bs32_ti305175_mlr1.00E-05,20000000000,214663680,93.16899812767582
960,9368,15,7,0.00195,128,76293,2.508187,2.4525530443857995,step2v2_0618_h960_ffnh9368_numh15_numl7_lr1.95E-03_bs128_ti76293_mlr1.00E-05,20000000000,214663680,93.16899812767582
960,9368,15,7,0.000691,1024,9536,2.531949,2.5217266841316563,step2v2_0618_h960_ffnh9368_numh15_numl7_lr6.91E-04_bs1024_ti9536_mlr1.00E-05,20000000000,214663680,93.16899812767582
960,9368,15,7,0.00195,512,19073,2.441634,2.4592231636663797,step2v2_0618_h960_ffnh9368_numh15_numl7_lr1.95E-03_bs512_ti19073_mlr1.00E-05,20000000000,214663680,93.16899812767582
960,9368,15,7,0.00276,96,101725,2.434713,2.4601769901608286,step2v2_0618_h960_ffnh9368_numh15_numl7_lr2.76E-03_bs96_ti101725_mlr1.00E-05,20000000000,214663680,93.16899812767582
960,9368,15,7,0.00276,256,38146,2.425424,2.444839777654242,step2v2_0618_h960_ffnh9368_numh15_numl7_lr2.76E-03_bs256_ti38146_mlr1.00E-05,20000000000,214663680,93.16899812767582
960,9368,15,7,0.00276,192,50862,2.45174,2.4476818298358456,step2v2_0618_h960_ffnh9368_numh15_numl7_lr2.76E-03_bs192_ti50862_mlr1.00E-05,20000000000,214663680,93.16899812767582
960,9368,15,7,0.00276,128,76293,2.505652,2.452082885905792,step2v2_0618_h960_ffnh9368_numh15_numl7_lr2.76E-03_bs128_ti76293_mlr1.00E-05,20000000000,214663680,93.16899812767582
960,9368,15,7,0.00781,24,406901,2.661365,2.706100007670855,step2v2_0618_h960_ffnh9368_numh15_numl7_lr7.81E-03_bs24_ti406901_mlr1.00E-05,20000000000,214663680,93.16899812767582
960,9368,15,7,0.0156,256,38146,2.579128,2.59581003193371,step2v2_0618_h960_ffnh9368_numh15_numl7_lr1.56E-02_bs256_ti38146_mlr1.00E-05,20000000000,214663680,93.16899812767582
960,9368,15,7,0.000691,24,406901,2.469467,2.510490447606984,step2v2_0618_h960_ffnh9368_numh15_numl7_lr6.91E-04_bs24_ti406901_mlr1.00E-05,20000000000,214663680,93.16899812767582
960,9368,15,7,0.00391,192,50862,2.448054,2.445584847255931,step2v2_0618_h960_ffnh9368_numh15_numl7_lr3.91E-03_bs192_ti50862_mlr1.00E-05,20000000000,214663680,93.16899812767582
960,9368,15,7,0.00195,1024,9536,2.494229,2.484156440343311,step2v2_0618_h960_ffnh9368_numh15_numl7_lr1.95E-03_bs1024_ti9536_mlr1.00E-05,20000000000,214663680,93.16899812767582
960,9368,15,7,0.000977,192,50862,2.466329,2.462589342329037,step2v2_0618_h960_ffnh9368_numh15_numl7_lr9.77E-04_bs192_ti50862_mlr1.00E-05,20000000000,214663680,93.16899812767582
960,9368,15,7,0.0111,128,76293,2.567412,2.514136856337571,step2v2_0618_h960_ffnh9368_numh15_numl7_lr1.11E-02_bs128_ti76293_mlr1.00E-05,20000000000,214663680,93.16899812767582
960,9368,15,7,0.000488,24,406901,2.466708,2.510920833763816,step2v2_0618_h960_ffnh9368_numh15_numl7_lr4.88E-04_bs24_ti406901_mlr1.00E-05,20000000000,214663680,93.16899812767582
960,9368,15,7,0.00276,24,406901,2.520108,2.564464945650973,step2v2_0618_h960_ffnh9368_numh15_numl7_lr2.76E-03_bs24_ti406901_mlr1.00E-05,20000000000,214663680,93.16899812767582
960,9368,15,7,0.000691,256,38146,2.457334,2.4767678491127594,step2v2_0618_h960_ffnh9368_numh15_numl7_lr6.91E-04_bs256_ti38146_mlr1.00E-05,20000000000,214663680,93.16899812767582
960,9368,15,7,0.00138,96,101725,2.428719,2.4583443533744265,step2v2_0618_h960_ffnh9368_numh15_numl7_lr1.38E-03_bs96_ti101725_mlr1.00E-05,20000000000,214663680,93.16899812767582
960,9368,15,7,0.0111,512,19073,2.49724,2.512367216736064,step2v2_0618_h960_ffnh9368_numh15_numl7_lr1.11E-02_bs512_ti19073_mlr1.00E-05,20000000000,214663680,93.16899812767582
960,9368,15,7,0.00391,256,38146,2.423325,2.4401098610527825,step2v2_0618_h960_ffnh9368_numh15_numl7_lr3.91E-03_bs256_ti38146_mlr1.00E-05,20000000000,214663680,93.16899812767582
960,9368,15,7,0.00552,1024,9536,2.500459,2.490878241216891,step2v2_0618_h960_ffnh9368_numh15_numl7_lr5.52E-03_bs1024_ti9536_mlr1.00E-05,20000000000,214663680,93.16899812767582
960,9368,15,7,0.00391,16,610351,2.700689,2.731195656062613,step2v2_0618_h960_ffnh9368_numh15_numl7_lr3.91E-03_bs16_ti610351_mlr1.00E-05,20000000000,214663680,93.16899812767582
960,9368,15,7,0.00552,16,610351,2.704685,2.7318578781022533,step2v2_0618_h960_ffnh9368_numh15_numl7_lr5.52E-03_bs16_ti610351_mlr1.00E-05,20000000000,214663680,93.16899812767582
960,9368,15,7,0.00781,192,50862,2.465138,2.464347090760175,step2v2_0618_h960_ffnh9368_numh15_numl7_lr7.81E-03_bs192_ti50862_mlr1.00E-05,20000000000,214663680,93.16899812767582
960,9368,15,7,0.00552,64,152587,2.496063,2.512488245814241,step2v2_0618_h960_ffnh9368_numh15_numl7_lr5.52E-03_bs64_ti152587_mlr1.00E-05,20000000000,214663680,93.16899812767582
960,9368,15,7,0.00781,128,76293,2.536999,2.483303823171675,step2v2_0618_h960_ffnh9368_numh15_numl7_lr7.81E-03_bs128_ti76293_mlr1.00E-05,20000000000,214663680,93.16899812767582
960,9368,15,7,0.0111,256,38146,2.496326,2.5126978770370187,step2v2_0618_h960_ffnh9368_numh15_numl7_lr1.11E-02_bs256_ti38146_mlr1.00E-05,20000000000,214663680,93.16899812767582
960,9368,15,7,0.00195,16,610351,2.563893,2.588429774436833,step2v2_0618_h960_ffnh9368_numh15_numl7_lr1.95E-03_bs16_ti610351_mlr1.00E-05,20000000000,214663680,93.16899812767582
960,9368,15,7,0.00276,16,610351,2.592474,2.620767804056228,step2v2_0618_h960_ffnh9368_numh15_numl7_lr2.76E-03_bs16_ti610351_mlr1.00E-05,20000000000,214663680,93.16899812767582
960,9368,15,7,0.0156,192,50862,2.618534,2.6169566817624195,step2v2_0618_h960_ffnh9368_numh15_numl7_lr1.56E-02_bs192_ti50862_mlr1.00E-05,20000000000,214663680,93.16899812767582
960,9368,15,7,0.000488,16,610351,2.512046,2.541838452379765,step2v2_0618_h960_ffnh9368_numh15_numl7_lr4.88E-04_bs16_ti610351_mlr1.00E-05,20000000000,214663680,93.16899812767582
960,9368,15,7,0.0221,192,50862,6.63727,6.633097884330617,step2v2_0618_h960_ffnh9368_numh15_numl7_lr2.21E-02_bs192_ti50862_mlr1.00E-05,20000000000,214663680,93.16899812767582
960,9368,15,7,0.0156,512,19073,6.921087,6.908945885906833,step2v2_0618_h960_ffnh9368_numh15_numl7_lr1.56E-02_bs512_ti19073_mlr1.00E-05,20000000000,214663680,93.16899812767582
960,9368,15,7,0.00195,192,50862,2.452602,2.4499863570520355,step2v2_0618_h960_ffnh9368_numh15_numl7_lr1.95E-03_bs192_ti50862_mlr1.00E-05,20000000000,214663680,93.16899812767582
960,9368,15,7,0.00391,96,101725,2.438979,2.466713549048751,step2v2_0618_h960_ffnh9368_numh15_numl7_lr3.91E-03_bs96_ti101725_mlr1.00E-05,20000000000,214663680,93.16899812767582
960,9368,15,7,0.000977,24,406901,2.469494,2.5147826687155206,step2v2_0618_h960_ffnh9368_numh15_numl7_lr9.77E-04_bs24_ti406901_mlr1.00E-05,20000000000,214663680,93.16899812767582
960,9368,15,7,0.00195,32,305175,2.464086,2.5106955984489416,step2v2_0618_h960_ffnh9368_numh15_numl7_lr1.95E-03_bs32_ti305175_mlr1.00E-05,20000000000,214663680,93.16899812767582
960,9368,15,7,0.000691,16,610351,2.522726,2.544283455981996,step2v2_0618_h960_ffnh9368_numh15_numl7_lr6.91E-04_bs16_ti610351_mlr1.00E-05,20000000000,214663680,93.16899812767582
960,9368,15,7,0.000488,64,152587,2.458313,2.4776257390408323,step2v2_0618_h960_ffnh9368_numh15_numl7_lr4.88E-04_bs64_ti152587_mlr1.00E-05,20000000000,214663680,93.16899812767582
960,9368,15,7,0.000977,16,610351,2.522792,2.552247943422445,step2v2_0618_h960_ffnh9368_numh15_numl7_lr9.77E-04_bs16_ti610351_mlr1.00E-05,20000000000,214663680,93.16899812767582
960,9368,15,7,0.0156,96,101725,2.611853,2.636781320430297,step2v2_0618_h960_ffnh9368_numh15_numl7_lr1.56E-02_bs96_ti101725_mlr1.00E-05,20000000000,214663680,93.16899812767582
960,9368,15,7,0.00276,32,305175,2.483795,2.528523977857699,step2v2_0618_h960_ffnh9368_numh15_numl7_lr2.76E-03_bs32_ti305175_mlr1.00E-05,20000000000,214663680,93.16899812767582
960,9368,15,7,0.0156,1024,9536,6.94879,6.934608511117816,step2v2_0618_h960_ffnh9368_numh15_numl7_lr1.56E-02_bs1024_ti9536_mlr1.00E-05,20000000000,214663680,93.16899812767582
960,9368,15,7,0.000977,1024,9536,2.517687,2.507215902370587,step2v2_0618_h960_ffnh9368_numh15_numl7_lr9.77E-04_bs1024_ti9536_mlr1.00E-05,20000000000,214663680,93.16899812767582
960,9368,15,7,0.000977,128,76293,2.516394,2.4600993619976417,step2v2_0618_h960_ffnh9368_numh15_numl7_lr9.77E-04_bs128_ti76293_mlr1.00E-05,20000000000,214663680,93.16899812767582
960,9368,15,7,0.00781,1024,9536,2.508005,2.4983274888133447,step2v2_0618_h960_ffnh9368_numh15_numl7_lr7.81E-03_bs1024_ti9536_mlr1.00E-05,20000000000,214663680,93.16899812767582
960,9368,15,7,0.00138,192,50862,2.458791,2.454838788821037,step2v2_0618_h960_ffnh9368_numh15_numl7_lr1.38E-03_bs192_ti50862_mlr1.00E-05,20000000000,214663680,93.16899812767582
960,9368,15,7,0.000977,512,19073,2.462515,2.479801565821714,step2v2_0618_h960_ffnh9368_numh15_numl7_lr9.77E-04_bs512_ti19073_mlr1.00E-05,20000000000,214663680,93.16899812767582
960,9368,15,7,0.000691,64,152587,2.452272,2.470672651250128,step2v2_0618_h960_ffnh9368_numh15_numl7_lr6.91E-04_bs64_ti152587_mlr1.00E-05,20000000000,214663680,93.16899812767582
960,9368,15,7,0.000488,1024,9536,2.549835,2.5395558565070835,step2v2_0618_h960_ffnh9368_numh15_numl7_lr4.88E-04_bs1024_ti9536_mlr1.00E-05,20000000000,214663680,93.16899812767582
960,9368,15,7,0.0111,24,406901,2.687451,2.733622662738614,step2v2_0618_h960_ffnh9368_numh15_numl7_lr1.11E-02_bs24_ti406901_mlr1.00E-05,20000000000,214663680,93.16899812767582
960,9368,15,7,0.00781,256,38146,2.440518,2.4583555319275847,step2v2_0618_h960_ffnh9368_numh15_numl7_lr7.81E-03_bs256_ti38146_mlr1.00E-05,20000000000,214663680,93.16899812767582
960,9368,15,7,0.0156,64,152587,2.646775,2.66868041599839,step2v2_0618_h960_ffnh9368_numh15_numl7_lr1.56E-02_bs64_ti152587_mlr1.00E-05,20000000000,214663680,93.16899812767582
960,9368,15,7,0.00781,16,610351,2.728677,2.7587470959863505,step2v2_0618_h960_ffnh9368_numh15_numl7_lr7.81E-03_bs16_ti610351_mlr1.00E-05,20000000000,214663680,93.16899812767582
960,9368,15,7,0.0221,96,101725,7.023315,7.018282550686113,step2v2_0618_h960_ffnh9368_numh15_numl7_lr2.21E-02_bs96_ti101725_mlr1.00E-05,20000000000,214663680,93.16899812767582
960,9368,15,7,0.000488,512,19073,2.489049,2.5054536040600834,step2v2_0618_h960_ffnh9368_numh15_numl7_lr4.88E-04_bs512_ti19073_mlr1.00E-05,20000000000,214663680,93.16899812767582
960,9368,15,7,0.00552,512,19073,2.454207,2.470369713797987,step2v2_0618_h960_ffnh9368_numh15_numl7_lr5.52E-03_bs512_ti19073_mlr1.00E-05,20000000000,214663680,93.16899812767582
960,9368,15,7,0.00552,128,76293,2.522601,2.468513906697094,step2v2_0618_h960_ffnh9368_numh15_numl7_lr5.52E-03_bs128_ti76293_mlr1.00E-05,20000000000,214663680,93.16899812767582
960,9368,15,7,0.00781,96,101725,2.478249,2.5052873906111315,step2v2_0618_h960_ffnh9368_numh15_numl7_lr7.81E-03_bs96_ti101725_mlr1.00E-05,20000000000,214663680,93.16899812767582
960,9368,15,7,0.00138,1024,9536,2.506747,2.496329791504857,step2v2_0618_h960_ffnh9368_numh15_numl7_lr1.38E-03_bs1024_ti9536_mlr1.00E-05,20000000000,214663680,93.16899812767582
960,9368,15,7,0.000488,32,305175,2.442447,2.4944539227616547,step2v2_0618_h960_ffnh9368_numh15_numl7_lr4.88E-04_bs32_ti305175_mlr1.00E-05,20000000000,214663680,93.16899812767582
960,9368,15,7,0.00391,1024,9536,2.485996,2.476542663325646,step2v2_0618_h960_ffnh9368_numh15_numl7_lr3.91E-03_bs1024_ti9536_mlr1.00E-05,20000000000,214663680,93.16899812767582
960,9368,15,7,0.00138,64,152587,2.445543,2.465232779738326,step2v2_0618_h960_ffnh9368_numh15_numl7_lr1.38E-03_bs64_ti152587_mlr1.00E-05,20000000000,214663680,93.16899812767582
960,9368,15,7,0.00138,512,19073,2.45591,2.471975076211664,step2v2_0618_h960_ffnh9368_numh15_numl7_lr1.38E-03_bs512_ti19073_mlr1.00E-05,20000000000,214663680,93.16899812767582
960,9368,15,7,0.00195,64,152587,2.453401,2.470139155755103,step2v2_0618_h960_ffnh9368_numh15_numl7_lr1.95E-03_bs64_ti152587_mlr1.00E-05,20000000000,214663680,93.16899812767582
960,9368,15,7,0.00552,96,101725,2.455462,2.483029431021296,step2v2_0618_h960_ffnh9368_numh15_numl7_lr5.52E-03_bs96_ti101725_mlr1.00E-05,20000000000,214663680,93.16899812767582
960,9368,15,7,0.0111,64,152587,2.630713,2.6512168598567705,step2v2_0618_h960_ffnh9368_numh15_numl7_lr1.11E-02_bs64_ti152587_mlr1.00E-05,20000000000,214663680,93.16899812767582
960,9368,15,7,0.00276,64,152587,2.460922,2.4766715119998257,step2v2_0618_h960_ffnh9368_numh15_numl7_lr2.76E-03_bs64_ti152587_mlr1.00E-05,20000000000,214663680,93.16899812767582
960,9368,15,7,0.0156,128,76293,2.672587,2.6179906614510786,step2v2_0618_h960_ffnh9368_numh15_numl7_lr1.56E-02_bs128_ti76293_mlr1.00E-05,20000000000,214663680,93.16899812767582
960,9368,15,7,0.000977,256,38146,2.445514,2.464543394528712,step2v2_0618_h960_ffnh9368_numh15_numl7_lr9.77E-04_bs256_ti38146_mlr1.00E-05,20000000000,214663680,93.16899812767582
960,9368,15,7,0.00138,24,406901,2.474348,2.5222551019089545,step2v2_0618_h960_ffnh9368_numh15_numl7_lr1.38E-03_bs24_ti406901_mlr1.00E-05,20000000000,214663680,93.16899812767582
960,9368,15,7,0.00391,64,152587,2.47108,2.4887443750599645,step2v2_0618_h960_ffnh9368_numh15_numl7_lr3.91E-03_bs64_ti152587_mlr1.00E-05,20000000000,214663680,93.16899812767582
960,9368,15,7,0.000977,32,305175,2.450245,2.4952389415816514,step2v2_0618_h960_ffnh9368_numh15_numl7_lr9.77E-04_bs32_ti305175_mlr1.00E-05,20000000000,214663680,93.16899812767582
960,9368,15,7,0.0111,16,610351,2.735737,2.7667455408505504,step2v2_0618_h960_ffnh9368_numh15_numl7_lr1.11E-02_bs16_ti610351_mlr1.00E-05,20000000000,214663680,93.16899812767582
960,9368,15,7,0.0111,32,305175,2.68172,2.721871657454377,step2v2_0618_h960_ffnh9368_numh15_numl7_lr1.11E-02_bs32_ti305175_mlr1.00E-05,20000000000,214663680,93.16899812767582
960,9368,15,7,0.00195,96,101725,2.42812,2.457281611410718,step2v2_0618_h960_ffnh9368_numh15_numl7_lr1.95E-03_bs96_ti101725_mlr1.00E-05,20000000000,214663680,93.16899812767582
960,9368,15,7,0.00391,32,305175,2.507806,2.552419276702451,step2v2_0618_h960_ffnh9368_numh15_numl7_lr3.91E-03_bs32_ti305175_mlr1.00E-05,20000000000,214663680,93.16899812767582
960,9368,15,7,0.00195,24,406901,2.491533,2.537550128847655,step2v2_0618_h960_ffnh9368_numh15_numl7_lr1.95E-03_bs24_ti406901_mlr1.00E-05,20000000000,214663680,93.16899812767582
960,9368,15,7,0.000691,32,305175,2.44266,2.4934679785622835,step2v2_0618_h960_ffnh9368_numh15_numl7_lr6.91E-04_bs32_ti305175_mlr1.00E-05,20000000000,214663680,93.16899812767582
960,9368,15,7,0.000488,96,101725,2.445467,2.47574029805135,step2v2_0618_h960_ffnh9368_numh15_numl7_lr4.88E-04_bs96_ti101725_mlr1.00E-05,20000000000,214663680,93.16899812767582
960,9368,15,7,0.0221,128,76293,2.763548,2.707326414920294,step2v2_0618_h960_ffnh9368_numh15_numl7_lr2.21E-02_bs128_ti76293_mlr1.00E-05,20000000000,214663680,93.16899812767582
960,9368,15,7,0.0156,32,305175,5.815404,5.8375570429812536,step2v2_0618_h960_ffnh9368_numh15_numl7_lr1.56E-02_bs32_ti305175_mlr1.00E-05,20000000000,214663680,93.16899812767582
960,9368,15,7,0.0221,64,152587,6.29287,6.268160665873152,step2v2_0618_h960_ffnh9368_numh15_numl7_lr2.21E-02_bs64_ti152587_mlr1.00E-05,20000000000,214663680,93.16899812767582
960,9368,15,7,0.00276,512,19073,2.433714,2.450501915457428,step2v2_0618_h960_ffnh9368_numh15_numl7_lr2.76E-03_bs512_ti19073_mlr1.00E-05,20000000000,214663680,93.16899812767582
960,9368,15,7,0.00276,1024,9536,2.484759,2.4747491493486,step2v2_0618_h960_ffnh9368_numh15_numl7_lr2.76E-03_bs1024_ti9536_mlr1.00E-05,20000000000,214663680,93.16899812767582
960,9368,15,7,0.00552,32,305175,2.535059,2.581302761523097,step2v2_0618_h960_ffnh9368_numh15_numl7_lr5.52E-03_bs32_ti305175_mlr1.00E-05,20000000000,214663680,93.16899812767582
960,9368,15,7,0.0221,1024,9536,6.852975,6.838375142400003,step2v2_0618_h960_ffnh9368_numh15_numl7_lr2.21E-02_bs1024_ti9536_mlr1.00E-05,20000000000,214663680,93.16899812767582
960,9368,15,7,0.0221,24,406901,7.338076,7.376979635636344,step2v2_0618_h960_ffnh9368_numh15_numl7_lr2.21E-02_bs24_ti406901_mlr1.00E-05,20000000000,214663680,93.16899812767582
960,9368,15,7,0.00781,64,152587,2.526995,2.544836072983665,step2v2_0618_h960_ffnh9368_numh15_numl7_lr7.81E-03_bs64_ti152587_mlr1.00E-05,20000000000,214663680,93.16899812767582
