seq_len,topk,nume,moeh,sed,h,ffnh,numh,numl,lr,bs,ti,loss,smooth loss,average_iter_time,target_iter,final_iter,exp_name,moe_layer_enum_type,mfa_version,numld,Nattn,N,Na,M,kvcache,D,D/N,total_time,Na/N,moe_name
2048,1,89,352,352,1408,3904,11,16,0.0001726,32,30517,2.721691,2.680629944853511,0.406027,-1,30516,step2v2_0801_1in89_moeh352_sed352_h1408_ffnh3904_numh11_numl16_lr1.726e-04_bs32_ti30517_mlr1e-5_gg,1dense,mha,1,126877696,2150612992,187973632,1681489920,45056,2000000000,0.9299674127514987,12390.725959,0.0874046761082711,1in89
2048,1,89,352,352,1408,3904,11,16,0.0001726,64,15258,2.615083,2.683143391788305,0.508093,-1,15257,step2v2_0801_1in89_moeh352_sed352_h1408_ffnh3904_numh11_numl16_lr1.726e-04_bs64_ti15258_mlr1e-5_gg,1dense,mha,1,126877696,2150612992,187973632,1681489920,45056,2000000000,0.9299674127514987,7752.482994,0.0874046761082711,1in89
2048,1,89,352,352,1408,3904,11,16,0.0001726,128,7629,2.720423,2.7211455612296334,0.784286,-1,7628,step2v2_0801_1in89_moeh352_sed352_h1408_ffnh3904_numh11_numl16_lr1.726e-04_bs128_ti7629_mlr1e-5_gg,1dense,mha,1,126877696,2150612992,187973632,1681489920,45056,2000000000,0.9299674127514987,5983.317894000001,0.0874046761082711,1in89
2048,1,89,352,352,1408,3904,11,16,0.0001726,256,3814,2.78034,2.796830293982823,1.324499,-1,3813,step2v2_0801_1in89_moeh352_sed352_h1408_ffnh3904_numh11_numl16_lr1.726e-04_bs256_ti3814_mlr1e-5_gg,1dense,mha,1,126877696,2150612992,187973632,1681489920,45056,2000000000,0.9299674127514987,5051.639185999999,0.0874046761082711,1in89
2048,1,89,352,352,1408,3904,11,16,0.0001726,512,1907,2.939396,2.94424596287261,2.425798,-1,1906,step2v2_0801_1in89_moeh352_sed352_h1408_ffnh3904_numh11_numl16_lr1.726e-04_bs512_ti1907_mlr1e-5_gg,1dense,mha,1,126877696,2150612992,187973632,1681489920,45056,2000000000,0.9299674127514987,4625.996786,0.0874046761082711,1in89
2048,1,89,352,352,1408,3904,11,16,0.0002441,32,30517,2.712042,2.6744621944652582,0.405604,-1,30516,step2v2_0801_1in89_moeh352_sed352_h1408_ffnh3904_numh11_numl16_lr2.441e-04_bs32_ti30517_mlr1e-5_gg,1dense,mha,1,126877696,2150612992,187973632,1681489920,45056,2000000000,0.9299674127514987,12377.817268,0.0874046761082711,1in89
2048,1,89,352,352,1408,3904,11,16,0.0002441,64,15258,2.600385,2.6674640436945936,0.505422,-1,15257,step2v2_0801_1in89_moeh352_sed352_h1408_ffnh3904_numh11_numl16_lr2.441e-04_bs64_ti15258_mlr1e-5_gg,1dense,mha,1,126877696,2150612992,187973632,1681489920,45056,2000000000,0.9299674127514987,7711.728876,0.0874046761082711,1in89
2048,1,89,352,352,1408,3904,11,16,0.0002441,128,7629,2.686499,2.6903824645122425,0.783853,-1,7628,step2v2_0801_1in89_moeh352_sed352_h1408_ffnh3904_numh11_numl16_lr2.441e-04_bs128_ti7629_mlr1e-5_gg,1dense,mha,1,126877696,2150612992,187973632,1681489920,45056,2000000000,0.9299674127514987,5980.014537,0.0874046761082711,1in89
2048,1,89,352,352,1408,3904,11,16,0.0002441,256,3814,2.730726,2.7470672806187832,1.325951,-1,3813,step2v2_0801_1in89_moeh352_sed352_h1408_ffnh3904_numh11_numl16_lr2.441e-04_bs256_ti3814_mlr1e-5_gg,1dense,mha,1,126877696,2150612992,187973632,1681489920,45056,2000000000,0.9299674127514987,5057.177113999999,0.0874046761082711,1in89
2048,1,89,352,352,1408,3904,11,16,0.0002441,512,1907,2.854747,2.857691337963915,2.433513,-1,1906,step2v2_0801_1in89_moeh352_sed352_h1408_ffnh3904_numh11_numl16_lr2.441e-04_bs512_ti1907_mlr1e-5_gg,1dense,mha,1,126877696,2150612992,187973632,1681489920,45056,2000000000,0.9299674127514987,4640.709291,0.0874046761082711,1in89
2048,1,89,352,352,1408,3904,11,16,0.0003453,32,30517,2.715764,2.6757352065648243,0.406694,-1,30516,step2v2_0801_1in89_moeh352_sed352_h1408_ffnh3904_numh11_numl16_lr3.453e-04_bs32_ti30517_mlr1e-5_gg,1dense,mha,1,126877696,2150612992,187973632,1681489920,45056,2000000000,0.9299674127514987,12411.080798,0.0874046761082711,1in89
2048,1,89,352,352,1408,3904,11,16,0.0003453,64,15258,2.595109,2.6633815077823657,0.507782,-1,15257,step2v2_0801_1in89_moeh352_sed352_h1408_ffnh3904_numh11_numl16_lr3.453e-04_bs64_ti15258_mlr1e-5_gg,1dense,mha,1,126877696,2150612992,187973632,1681489920,45056,2000000000,0.9299674127514987,7747.737755999999,0.0874046761082711,1in89
2048,1,89,352,352,1408,3904,11,16,0.0003453,128,7629,2.668363,2.671517740960114,0.778656,-1,7628,step2v2_0801_1in89_moeh352_sed352_h1408_ffnh3904_numh11_numl16_lr3.453e-04_bs128_ti7629_mlr1e-5_gg,1dense,mha,1,126877696,2150612992,187973632,1681489920,45056,2000000000,0.9299674127514987,5940.366624,0.0874046761082711,1in89
2048,1,89,352,352,1408,3904,11,16,0.0003453,256,3814,2.695742,2.711772682422549,1.327384,-1,3813,step2v2_0801_1in89_moeh352_sed352_h1408_ffnh3904_numh11_numl16_lr3.453e-04_bs256_ti3814_mlr1e-5_gg,1dense,mha,1,126877696,2150612992,187973632,1681489920,45056,2000000000,0.9299674127514987,5062.642575999999,0.0874046761082711,1in89
2048,1,89,352,352,1408,3904,11,16,0.0003453,512,1907,2.798481,2.8007922599147004,2.416966,-1,1906,step2v2_0801_1in89_moeh352_sed352_h1408_ffnh3904_numh11_numl16_lr3.453e-04_bs512_ti1907_mlr1e-5_gg,1dense,mha,1,126877696,2150612992,187973632,1681489920,45056,2000000000,0.9299674127514987,4609.154162,0.0874046761082711,1in89
2048,1,89,352,352,1408,3904,11,16,0.0004883,32,30517,2.725003,2.687884014256001,0.40736,-1,30516,step2v2_0801_1in89_moeh352_sed352_h1408_ffnh3904_numh11_numl16_lr4.883e-04_bs32_ti30517_mlr1e-5_gg,1dense,mha,1,126877696,2150612992,187973632,1681489920,45056,2000000000,0.9299674127514987,12431.40512,0.0874046761082711,1in89
2048,1,89,352,352,1408,3904,11,16,0.0004883,64,15258,2.595637,2.6650992125228354,0.509465,-1,15257,step2v2_0801_1in89_moeh352_sed352_h1408_ffnh3904_numh11_numl16_lr4.883e-04_bs64_ti15258_mlr1e-5_gg,1dense,mha,1,126877696,2150612992,187973632,1681489920,45056,2000000000,0.9299674127514987,7773.416969999999,0.0874046761082711,1in89
2048,1,89,352,352,1408,3904,11,16,0.0004883,128,7629,2.665095,2.667979752675562,0.778417,-1,7628,step2v2_0801_1in89_moeh352_sed352_h1408_ffnh3904_numh11_numl16_lr4.883e-04_bs128_ti7629_mlr1e-5_gg,1dense,mha,1,126877696,2150612992,187973632,1681489920,45056,2000000000,0.9299674127514987,5938.543293000001,0.0874046761082711,1in89
2048,1,89,352,352,1408,3904,11,16,0.0004883,256,3814,2.679755,2.6943567553229872,1.326612,-1,3813,step2v2_0801_1in89_moeh352_sed352_h1408_ffnh3904_numh11_numl16_lr4.883e-04_bs256_ti3814_mlr1e-5_gg,1dense,mha,1,126877696,2150612992,187973632,1681489920,45056,2000000000,0.9299674127514987,5059.698168,0.0874046761082711,1in89
2048,1,89,352,352,1408,3904,11,16,0.0004883,512,1907,2.759318,2.760972134233889,2.416821,-1,1906,step2v2_0801_1in89_moeh352_sed352_h1408_ffnh3904_numh11_numl16_lr4.883e-04_bs512_ti1907_mlr1e-5_gg,1dense,mha,1,126877696,2150612992,187973632,1681489920,45056,2000000000,0.9299674127514987,4608.877647,0.0874046761082711,1in89
2048,1,89,352,352,1408,3904,11,16,0.0006905,32,30517,2.737385,2.702062658603677,0.401571,-1,30516,step2v2_0801_1in89_moeh352_sed352_h1408_ffnh3904_numh11_numl16_lr6.905e-04_bs32_ti30517_mlr1e-5_gg,1dense,mha,1,126877696,2150612992,187973632,1681489920,45056,2000000000,0.9299674127514987,12254.742207,0.0874046761082711,1in89
2048,1,89,352,352,1408,3904,11,16,0.0006905,64,15258,2.610048,2.6783585878157044,0.507026,-1,15257,step2v2_0801_1in89_moeh352_sed352_h1408_ffnh3904_numh11_numl16_lr6.905e-04_bs64_ti15258_mlr1e-5_gg,1dense,mha,1,126877696,2150612992,187973632,1681489920,45056,2000000000,0.9299674127514987,7736.202708,0.0874046761082711,1in89
2048,1,89,352,352,1408,3904,11,16,0.0006905,128,7629,2.664026,2.6690466603859018,0.778936,-1,7628,step2v2_0801_1in89_moeh352_sed352_h1408_ffnh3904_numh11_numl16_lr6.905e-04_bs128_ti7629_mlr1e-5_gg,1dense,mha,1,126877696,2150612992,187973632,1681489920,45056,2000000000,0.9299674127514987,5942.502743999999,0.0874046761082711,1in89
2048,1,89,352,352,1408,3904,11,16,0.0006905,256,3814,2.669763,2.685522952414391,1.321503,-1,3813,step2v2_0801_1in89_moeh352_sed352_h1408_ffnh3904_numh11_numl16_lr6.905e-04_bs256_ti3814_mlr1e-5_gg,1dense,mha,1,126877696,2150612992,187973632,1681489920,45056,2000000000,0.9299674127514987,5040.212441999999,0.0874046761082711,1in89
2048,1,89,352,352,1408,3904,11,16,0.0006905,512,1907,2.736293,2.7372262293334706,2.423833,-1,1906,step2v2_0801_1in89_moeh352_sed352_h1408_ffnh3904_numh11_numl16_lr6.905e-04_bs512_ti1907_mlr1e-5_gg,1dense,mha,1,126877696,2150612992,187973632,1681489920,45056,2000000000,0.9299674127514987,4622.249531,0.0874046761082711,1in89
2048,1,89,352,352,1408,3904,11,16,0.0009766,32,30517,2.750567,2.7112636814024267,0.441849,-1,30516,step2v2_0801_1in89_moeh352_sed352_h1408_ffnh3904_numh11_numl16_lr9.766e-04_bs32_ti30517_mlr1e-5_gg,1dense,mha,1,126877696,2150612992,187973632,1681489920,45056,2000000000,0.9299674127514987,13483.905933,0.0874046761082711,1in89
2048,1,89,352,352,1408,3904,11,16,0.0009766,64,15258,2.628457,2.6938280561474346,0.508739,-1,15257,step2v2_0801_1in89_moeh352_sed352_h1408_ffnh3904_numh11_numl16_lr9.766e-04_bs64_ti15258_mlr1e-5_gg,1dense,mha,1,126877696,2150612992,187973632,1681489920,45056,2000000000,0.9299674127514987,7762.339662000001,0.0874046761082711,1in89
2048,1,89,352,352,1408,3904,11,16,0.0009766,128,7629,2.678477,2.683037528741313,0.777909,-1,7628,step2v2_0801_1in89_moeh352_sed352_h1408_ffnh3904_numh11_numl16_lr9.766e-04_bs128_ti7629_mlr1e-5_gg,1dense,mha,1,126877696,2150612992,187973632,1681489920,45056,2000000000,0.9299674127514987,5934.667761,0.0874046761082711,1in89
2048,1,89,352,352,1408,3904,11,16,0.0009766,256,3814,2.67657,2.69090647051002,1.32198,-1,3813,step2v2_0801_1in89_moeh352_sed352_h1408_ffnh3904_numh11_numl16_lr9.766e-04_bs256_ti3814_mlr1e-5_gg,1dense,mha,1,126877696,2150612992,187973632,1681489920,45056,2000000000,0.9299674127514987,5042.03172,0.0874046761082711,1in89
2048,1,89,352,352,1408,3904,11,16,0.0009766,512,1907,2.73717,2.739272323392983,2.425402,-1,1906,step2v2_0801_1in89_moeh352_sed352_h1408_ffnh3904_numh11_numl16_lr9.766e-04_bs512_ti1907_mlr1e-5_gg,1dense,mha,1,126877696,2150612992,187973632,1681489920,45056,2000000000,0.9299674127514987,4625.2416140000005,0.0874046761082711,1in89
2048,1,89,352,352,1408,3904,11,16,0.001381,32,30517,2.772249,2.731650532020263,0.404974,-1,30516,step2v2_0801_1in89_moeh352_sed352_h1408_ffnh3904_numh11_numl16_lr1.381e-03_bs32_ti30517_mlr1e-5_gg,1dense,mha,1,126877696,2150612992,187973632,1681489920,45056,2000000000,0.9299674127514987,12358.591558,0.0874046761082711,1in89
2048,1,89,352,352,1408,3904,11,16,0.001381,64,15258,2.656931,2.723034087934737,0.571488,-1,15257,step2v2_0801_1in89_moeh352_sed352_h1408_ffnh3904_numh11_numl16_lr1.381e-03_bs64_ti15258_mlr1e-5_gg,1dense,mha,1,126877696,2150612992,187973632,1681489920,45056,2000000000,0.9299674127514987,8719.763904,0.0874046761082711,1in89
2048,1,89,352,352,1408,3904,11,16,0.001381,128,7629,2.695702,2.697476906130425,0.779295,-1,7628,step2v2_0801_1in89_moeh352_sed352_h1408_ffnh3904_numh11_numl16_lr1.381e-03_bs128_ti7629_mlr1e-5_gg,1dense,mha,1,126877696,2150612992,187973632,1681489920,45056,2000000000,0.9299674127514987,5945.241555,0.0874046761082711,1in89
2048,1,89,352,352,1408,3904,11,16,0.001381,256,3814,2.700613,2.715353644435451,1.592596,-1,3813,step2v2_0801_1in89_moeh352_sed352_h1408_ffnh3904_numh11_numl16_lr1.381e-03_bs256_ti3814_mlr1e-5_gg,1dense,mha,1,126877696,2150612992,187973632,1681489920,45056,2000000000,0.9299674127514987,6074.161144,0.0874046761082711,1in89
2048,1,89,352,352,1408,3904,11,16,0.001381,512,1907,2.752976,2.75375698446012,2.981728,-1,1906,step2v2_0801_1in89_moeh352_sed352_h1408_ffnh3904_numh11_numl16_lr1.381e-03_bs512_ti1907_mlr1e-5_gg,1dense,mha,1,126877696,2150612992,187973632,1681489920,45056,2000000000,0.9299674127514987,5686.155296,0.0874046761082711,1in89
2048,1,89,352,352,1408,3904,11,16,0.001953,32,30517,2.782879,2.747994116339953,0.403662,-1,30516,step2v2_0801_1in89_moeh352_sed352_h1408_ffnh3904_numh11_numl16_lr1.953e-03_bs32_ti30517_mlr1e-5_gg,1dense,mha,1,126877696,2150612992,187973632,1681489920,45056,2000000000,0.9299674127514987,12318.553254,0.0874046761082711,1in89
2048,1,89,352,352,1408,3904,11,16,0.001953,64,15258,2.673823,2.738920012523154,0.572508,-1,15257,step2v2_0801_1in89_moeh352_sed352_h1408_ffnh3904_numh11_numl16_lr1.953e-03_bs64_ti15258_mlr1e-5_gg,1dense,mha,1,126877696,2150612992,187973632,1681489920,45056,2000000000,0.9299674127514987,8735.327064000001,0.0874046761082711,1in89
2048,1,89,352,352,1408,3904,11,16,0.001953,128,7629,2.733262,2.7343875025036573,0.906867,-1,7628,step2v2_0801_1in89_moeh352_sed352_h1408_ffnh3904_numh11_numl16_lr1.953e-03_bs128_ti7629_mlr1e-5_gg,1dense,mha,1,126877696,2150612992,187973632,1681489920,45056,2000000000,0.9299674127514987,6918.488343,0.0874046761082711,1in89
2048,1,89,352,352,1408,3904,11,16,0.001953,256,3814,2.736827,2.751525626309614,1.590326,-1,3813,step2v2_0801_1in89_moeh352_sed352_h1408_ffnh3904_numh11_numl16_lr1.953e-03_bs256_ti3814_mlr1e-5_gg,1dense,mha,1,126877696,2150612992,187973632,1681489920,45056,2000000000,0.9299674127514987,6065.503364,0.0874046761082711,1in89
2048,1,89,352,352,1408,3904,11,16,0.001953,512,1907,2.799181,2.799863308311716,2.981211,-1,1906,step2v2_0801_1in89_moeh352_sed352_h1408_ffnh3904_numh11_numl16_lr1.953e-03_bs512_ti1907_mlr1e-5_gg,1dense,mha,1,126877696,2150612992,187973632,1681489920,45056,2000000000,0.9299674127514987,5685.169377,0.0874046761082711,1in89
2048,1,89,352,352,1408,3904,11,16,0.002762,32,30517,2.797097,2.759213146255751,0.406711,-1,30516,step2v2_0801_1in89_moeh352_sed352_h1408_ffnh3904_numh11_numl16_lr2.762e-03_bs32_ti30517_mlr1e-5_gg,1dense,mha,1,126877696,2150612992,187973632,1681489920,45056,2000000000,0.9299674127514987,12411.599587,0.0874046761082711,1in89
2048,1,89,352,352,1408,3904,11,16,0.002762,64,15258,2.694988,2.758316858598242,0.617926,-1,15257,step2v2_0801_1in89_moeh352_sed352_h1408_ffnh3904_numh11_numl16_lr2.762e-03_bs64_ti15258_mlr1e-5_gg,1dense,mha,1,126877696,2150612992,187973632,1681489920,45056,2000000000,0.9299674127514987,9428.314908,0.0874046761082711,1in89
2048,1,89,352,352,1408,3904,11,16,0.002762,128,7629,2.775991,2.777773347949711,0.910983,-1,7628,step2v2_0801_1in89_moeh352_sed352_h1408_ffnh3904_numh11_numl16_lr2.762e-03_bs128_ti7629_mlr1e-5_gg,1dense,mha,1,126877696,2150612992,187973632,1681489920,45056,2000000000,0.9299674127514987,6949.889307,0.0874046761082711,1in89
2048,1,89,352,352,1408,3904,11,16,0.002762,256,3814,2.791864,2.8085213038770704,1.584982,-1,3813,step2v2_0801_1in89_moeh352_sed352_h1408_ffnh3904_numh11_numl16_lr2.762e-03_bs256_ti3814_mlr1e-5_gg,1dense,mha,1,126877696,2150612992,187973632,1681489920,45056,2000000000,0.9299674127514987,6045.121348000001,0.0874046761082711,1in89
2048,1,89,352,352,1408,3904,11,16,0.002762,512,1907,2.874734,2.876881528329424,2.941008,-1,1906,step2v2_0801_1in89_moeh352_sed352_h1408_ffnh3904_numh11_numl16_lr2.762e-03_bs512_ti1907_mlr1e-5_gg,1dense,mha,1,126877696,2150612992,187973632,1681489920,45056,2000000000,0.9299674127514987,5608.502256,0.0874046761082711,1in89
2048,1,89,352,352,1408,3904,11,16,0.0001726,32,61035,2.506786,2.5480249990634616,0.404615,-1,61034,step2v2_0801_1in89_moeh352_sed352_h1408_ffnh3904_numh11_numl16_lr1.726e-04_bs32_ti61035_mlr1e-5_gg,1dense,mha,1,126877696,2150612992,187973632,1681489920,45056,4000000000,1.8599348255029975,24695.676525,0.0874046761082711,1in89
2048,1,89,352,352,1408,3904,11,16,0.0001726,64,30517,2.55319,2.546155736125024,0.575309,-1,30516,step2v2_0801_1in89_moeh352_sed352_h1408_ffnh3904_numh11_numl16_lr1.726e-04_bs64_ti30517_mlr1e-5_gg,1dense,mha,1,126877696,2150612992,187973632,1681489920,45056,4000000000,1.8599348255029975,17556.704752999998,0.0874046761082711,1in89
2048,1,89,352,352,1408,3904,11,16,0.0001726,128,15258,2.601991,2.5674784947167484,0.911223,-1,15257,step2v2_0801_1in89_moeh352_sed352_h1408_ffnh3904_numh11_numl16_lr1.726e-04_bs128_ti15258_mlr1e-5_gg,1dense,mha,1,126877696,2150612992,187973632,1681489920,45056,4000000000,1.8599348255029975,13903.440534,0.0874046761082711,1in89
2048,1,89,352,352,1408,3904,11,16,0.0001726,256,7629,2.665889,2.612271087646936,1.5809,-1,7628,step2v2_0801_1in89_moeh352_sed352_h1408_ffnh3904_numh11_numl16_lr1.726e-04_bs256_ti7629_mlr1e-5_gg,1dense,mha,1,126877696,2150612992,187973632,1681489920,45056,4000000000,1.8599348255029975,12060.6861,0.0874046761082711,1in89
2048,1,89,352,352,1408,3904,11,16,0.0001726,512,3814,2.684938,2.6962451603374427,2.948164,-1,3813,step2v2_0801_1in89_moeh352_sed352_h1408_ffnh3904_numh11_numl16_lr1.726e-04_bs512_ti3814_mlr1e-5_gg,1dense,mha,1,126877696,2150612992,187973632,1681489920,45056,4000000000,1.8599348255029975,11244.297496,0.0874046761082711,1in89
2048,1,89,352,352,1408,3904,11,16,0.0002441,32,61035,2.50886,2.546438127762704,0.404375,-1,61034,step2v2_0801_1in89_moeh352_sed352_h1408_ffnh3904_numh11_numl16_lr2.441e-04_bs32_ti61035_mlr1e-5_gg,1dense,mha,1,126877696,2150612992,187973632,1681489920,45056,4000000000,1.8599348255029975,24681.028125,0.0874046761082711,1in89
2048,1,89,352,352,1408,3904,11,16,0.0002441,64,30517,2.543592,2.536452439603435,0.572341,-1,30516,step2v2_0801_1in89_moeh352_sed352_h1408_ffnh3904_numh11_numl16_lr2.441e-04_bs64_ti30517_mlr1e-5_gg,1dense,mha,1,126877696,2150612992,187973632,1681489920,45056,4000000000,1.8599348255029975,17466.130297,0.0874046761082711,1in89
2048,1,89,352,352,1408,3904,11,16,0.0002441,128,15258,2.583694,2.548025440503673,0.912199,-1,15257,step2v2_0801_1in89_moeh352_sed352_h1408_ffnh3904_numh11_numl16_lr2.441e-04_bs128_ti15258_mlr1e-5_gg,1dense,mha,1,126877696,2150612992,187973632,1681489920,45056,4000000000,1.8599348255029975,13918.332342,0.0874046761082711,1in89
2048,1,89,352,352,1408,3904,11,16,0.0002441,256,7629,2.630906,2.57857424183511,1.586485,-1,7628,step2v2_0801_1in89_moeh352_sed352_h1408_ffnh3904_numh11_numl16_lr2.441e-04_bs256_ti7629_mlr1e-5_gg,1dense,mha,1,126877696,2150612992,187973632,1681489920,45056,4000000000,1.8599348255029975,12103.294065000002,0.0874046761082711,1in89
2048,1,89,352,352,1408,3904,11,16,0.0002441,512,3814,2.630375,2.641578012822404,2.94452,-1,3813,step2v2_0801_1in89_moeh352_sed352_h1408_ffnh3904_numh11_numl16_lr2.441e-04_bs512_ti3814_mlr1e-5_gg,1dense,mha,1,126877696,2150612992,187973632,1681489920,45056,4000000000,1.8599348255029975,11230.39928,0.0874046761082711,1in89
2048,1,89,352,352,1408,3904,11,16,0.0003453,32,61035,2.504049,2.549203414512484,0.40848,-1,61034,step2v2_0801_1in89_moeh352_sed352_h1408_ffnh3904_numh11_numl16_lr3.453e-04_bs32_ti61035_mlr1e-5_gg,1dense,mha,1,126877696,2150612992,187973632,1681489920,45056,4000000000,1.8599348255029975,24931.5768,0.0874046761082711,1in89
2048,1,89,352,352,1408,3904,11,16,0.0003453,64,30517,2.542332,2.534035618285521,0.571273,-1,30516,step2v2_0801_1in89_moeh352_sed352_h1408_ffnh3904_numh11_numl16_lr3.453e-04_bs64_ti30517_mlr1e-5_gg,1dense,mha,1,126877696,2150612992,187973632,1681489920,45056,4000000000,1.8599348255029975,17433.538141,0.0874046761082711,1in89
2048,1,89,352,352,1408,3904,11,16,0.0003453,128,15258,2.569822,2.535634388505486,0.909827,-1,15257,step2v2_0801_1in89_moeh352_sed352_h1408_ffnh3904_numh11_numl16_lr3.453e-04_bs128_ti15258_mlr1e-5_gg,1dense,mha,1,126877696,2150612992,187973632,1681489920,45056,4000000000,1.8599348255029975,13882.140366,0.0874046761082711,1in89
2048,1,89,352,352,1408,3904,11,16,0.0003453,256,7629,2.610266,2.557540904039467,1.609889,-1,7628,step2v2_0801_1in89_moeh352_sed352_h1408_ffnh3904_numh11_numl16_lr3.453e-04_bs256_ti7629_mlr1e-5_gg,1dense,mha,1,126877696,2150612992,187973632,1681489920,45056,4000000000,1.8599348255029975,12281.843180999998,0.0874046761082711,1in89
2048,1,89,352,352,1408,3904,11,16,0.0003453,512,3814,2.594247,2.6058240233245105,2.937282,-1,3813,step2v2_0801_1in89_moeh352_sed352_h1408_ffnh3904_numh11_numl16_lr3.453e-04_bs512_ti3814_mlr1e-5_gg,1dense,mha,1,126877696,2150612992,187973632,1681489920,45056,4000000000,1.8599348255029975,11202.793548,0.0874046761082711,1in89
2048,1,89,352,352,1408,3904,11,16,0.0004883,32,61035,2.514904,2.5546496839292763,0.405235,-1,61034,step2v2_0801_1in89_moeh352_sed352_h1408_ffnh3904_numh11_numl16_lr4.883e-04_bs32_ti61035_mlr1e-5_gg,1dense,mha,1,126877696,2150612992,187973632,1681489920,45056,4000000000,1.8599348255029975,24733.518225,0.0874046761082711,1in89
2048,1,89,352,352,1408,3904,11,16,0.0004883,64,30517,2.550474,2.5435238680315697,0.569336,-1,30516,step2v2_0801_1in89_moeh352_sed352_h1408_ffnh3904_numh11_numl16_lr4.883e-04_bs64_ti30517_mlr1e-5_gg,1dense,mha,1,126877696,2150612992,187973632,1681489920,45056,4000000000,1.8599348255029975,17374.426711999997,0.0874046761082711,1in89
2048,1,89,352,352,1408,3904,11,16,0.0004883,128,15258,2.571156,2.5350776444714125,0.907919,-1,15257,step2v2_0801_1in89_moeh352_sed352_h1408_ffnh3904_numh11_numl16_lr4.883e-04_bs128_ti15258_mlr1e-5_gg,1dense,mha,1,126877696,2150612992,187973632,1681489920,45056,4000000000,1.8599348255029975,13853.028102,0.0874046761082711,1in89
2048,1,89,352,352,1408,3904,11,16,0.0004883,256,7629,2.597663,2.544327618001756,1.593104,-1,7628,step2v2_0801_1in89_moeh352_sed352_h1408_ffnh3904_numh11_numl16_lr4.883e-04_bs256_ti7629_mlr1e-5_gg,1dense,mha,1,126877696,2150612992,187973632,1681489920,45056,4000000000,1.8599348255029975,12153.790415999998,0.0874046761082711,1in89
2048,1,89,352,352,1408,3904,11,16,0.0004883,512,3814,2.570946,2.5807719043426056,2.942432,-1,3813,step2v2_0801_1in89_moeh352_sed352_h1408_ffnh3904_numh11_numl16_lr4.883e-04_bs512_ti3814_mlr1e-5_gg,1dense,mha,1,126877696,2150612992,187973632,1681489920,45056,4000000000,1.8599348255029975,11222.435648,0.0874046761082711,1in89
2048,1,89,352,352,1408,3904,11,16,0.0006905,32,61035,2.528073,2.5661616667932234,0.406224,-1,61034,step2v2_0801_1in89_moeh352_sed352_h1408_ffnh3904_numh11_numl16_lr6.905e-04_bs32_ti61035_mlr1e-5_gg,1dense,mha,1,126877696,2150612992,187973632,1681489920,45056,4000000000,1.8599348255029975,24793.88184,0.0874046761082711,1in89
2048,1,89,352,352,1408,3904,11,16,0.0006905,64,30517,2.55731,2.549483748187303,0.572528,-1,30516,step2v2_0801_1in89_moeh352_sed352_h1408_ffnh3904_numh11_numl16_lr6.905e-04_bs64_ti30517_mlr1e-5_gg,1dense,mha,1,126877696,2150612992,187973632,1681489920,45056,4000000000,1.8599348255029975,17471.836976000002,0.0874046761082711,1in89
2048,1,89,352,352,1408,3904,11,16,0.0006905,128,15258,2.576271,2.5419159148229253,0.906576,-1,15257,step2v2_0801_1in89_moeh352_sed352_h1408_ffnh3904_numh11_numl16_lr6.905e-04_bs128_ti15258_mlr1e-5_gg,1dense,mha,1,126877696,2150612992,187973632,1681489920,45056,4000000000,1.8599348255029975,13832.536608,0.0874046761082711,1in89
2048,1,89,352,352,1408,3904,11,16,0.0006905,256,7629,2.595582,2.542860094560357,1.582618,-1,7628,step2v2_0801_1in89_moeh352_sed352_h1408_ffnh3904_numh11_numl16_lr6.905e-04_bs256_ti7629_mlr1e-5_gg,1dense,mha,1,126877696,2150612992,187973632,1681489920,45056,4000000000,1.8599348255029975,12073.792722,0.0874046761082711,1in89
2048,1,89,352,352,1408,3904,11,16,0.0006905,512,3814,2.555898,2.565195736018828,2.940723,-1,3813,step2v2_0801_1in89_moeh352_sed352_h1408_ffnh3904_numh11_numl16_lr6.905e-04_bs512_ti3814_mlr1e-5_gg,1dense,mha,1,126877696,2150612992,187973632,1681489920,45056,4000000000,1.8599348255029975,11215.917522000002,0.0874046761082711,1in89
2048,1,89,352,352,1408,3904,11,16,0.0009766,32,61035,2.53408,2.571821923940727,0.405878,-1,61034,step2v2_0801_1in89_moeh352_sed352_h1408_ffnh3904_numh11_numl16_lr9.766e-04_bs32_ti61035_mlr1e-5_gg,1dense,mha,1,126877696,2150612992,187973632,1681489920,45056,4000000000,1.8599348255029975,24772.76373,0.0874046761082711,1in89
2048,1,89,352,352,1408,3904,11,16,0.0009766,64,30517,2.5646,2.5574476006458373,0.569812,-1,30516,step2v2_0801_1in89_moeh352_sed352_h1408_ffnh3904_numh11_numl16_lr9.766e-04_bs64_ti30517_mlr1e-5_gg,1dense,mha,1,126877696,2150612992,187973632,1681489920,45056,4000000000,1.8599348255029975,17388.952804,0.0874046761082711,1in89
2048,1,89,352,352,1408,3904,11,16,0.0009766,128,15258,2.58547,2.54969294206143,0.911064,-1,15257,step2v2_0801_1in89_moeh352_sed352_h1408_ffnh3904_numh11_numl16_lr9.766e-04_bs128_ti15258_mlr1e-5_gg,1dense,mha,1,126877696,2150612992,187973632,1681489920,45056,4000000000,1.8599348255029975,13901.014512,0.0874046761082711,1in89
2048,1,89,352,352,1408,3904,11,16,0.0009766,256,7629,2.605082,2.551924500114333,1.587122,-1,7628,step2v2_0801_1in89_moeh352_sed352_h1408_ffnh3904_numh11_numl16_lr9.766e-04_bs256_ti7629_mlr1e-5_gg,1dense,mha,1,126877696,2150612992,187973632,1681489920,45056,4000000000,1.8599348255029975,12108.153738,0.0874046761082711,1in89
2048,1,89,352,352,1408,3904,11,16,0.0009766,512,3814,2.554058,2.563398932688698,2.43399,-1,3813,step2v2_0801_1in89_moeh352_sed352_h1408_ffnh3904_numh11_numl16_lr9.766e-04_bs512_ti3814_mlr1e-5_gg,1dense,mha,1,126877696,2150612992,187973632,1681489920,45056,4000000000,1.8599348255029975,9283.23786,0.0874046761082711,1in89
2048,1,89,352,352,1408,3904,11,16,0.001381,32,61035,2.548255,2.5865244518284234,0.408768,-1,61034,step2v2_0801_1in89_moeh352_sed352_h1408_ffnh3904_numh11_numl16_lr1.381e-03_bs32_ti61035_mlr1e-5_gg,1dense,mha,1,126877696,2150612992,187973632,1681489920,45056,4000000000,1.8599348255029975,24949.15488,0.0874046761082711,1in89
2048,1,89,352,352,1408,3904,11,16,0.001381,64,30517,2.567608,2.55848459200087,0.516827,-1,30516,step2v2_0801_1in89_moeh352_sed352_h1408_ffnh3904_numh11_numl16_lr1.381e-03_bs64_ti30517_mlr1e-5_gg,1dense,mha,1,126877696,2150612992,187973632,1681489920,45056,4000000000,1.8599348255029975,15772.009559000002,0.0874046761082711,1in89
2048,1,89,352,352,1408,3904,11,16,0.001381,128,15258,2.590837,2.555397263787838,0.781779,-1,15257,step2v2_0801_1in89_moeh352_sed352_h1408_ffnh3904_numh11_numl16_lr1.381e-03_bs128_ti15258_mlr1e-5_gg,1dense,mha,1,126877696,2150612992,187973632,1681489920,45056,4000000000,1.8599348255029975,11928.383982,0.0874046761082711,1in89
2048,1,89,352,352,1408,3904,11,16,0.001381,256,7629,2.617453,2.563583761714054,1.330769,-1,7628,step2v2_0801_1in89_moeh352_sed352_h1408_ffnh3904_numh11_numl16_lr1.381e-03_bs256_ti7629_mlr1e-5_gg,1dense,mha,1,126877696,2150612992,187973632,1681489920,45056,4000000000,1.8599348255029975,10152.436701,0.0874046761082711,1in89
2048,1,89,352,352,1408,3904,11,16,0.001381,512,3814,2.572001,2.5820889104060702,2.425751,-1,3813,step2v2_0801_1in89_moeh352_sed352_h1408_ffnh3904_numh11_numl16_lr1.381e-03_bs512_ti3814_mlr1e-5_gg,1dense,mha,1,126877696,2150612992,187973632,1681489920,45056,4000000000,1.8599348255029975,9251.814314,0.0874046761082711,1in89
2048,1,89,352,352,1408,3904,11,16,0.001953,32,61035,2.558068,2.5950021486403045,0.409476,-1,61034,step2v2_0801_1in89_moeh352_sed352_h1408_ffnh3904_numh11_numl16_lr1.953e-03_bs32_ti61035_mlr1e-5_gg,1dense,mha,1,126877696,2150612992,187973632,1681489920,45056,4000000000,1.8599348255029975,24992.36766,0.0874046761082711,1in89
2048,1,89,352,352,1408,3904,11,16,0.001953,64,30517,2.591352,2.5832478406604014,0.513687,-1,30516,step2v2_0801_1in89_moeh352_sed352_h1408_ffnh3904_numh11_numl16_lr1.953e-03_bs64_ti30517_mlr1e-5_gg,1dense,mha,1,126877696,2150612992,187973632,1681489920,45056,4000000000,1.8599348255029975,15676.186179,0.0874046761082711,1in89
2048,1,89,352,352,1408,3904,11,16,0.001953,128,15258,2.619969,2.586116331222099,0.782358,-1,15257,step2v2_0801_1in89_moeh352_sed352_h1408_ffnh3904_numh11_numl16_lr1.953e-03_bs128_ti15258_mlr1e-5_gg,1dense,mha,1,126877696,2150612992,187973632,1681489920,45056,4000000000,1.8599348255029975,11937.218364,0.0874046761082711,1in89
2048,1,89,352,352,1408,3904,11,16,0.001953,256,7629,2.635678,2.5816863532986414,1.329262,-1,7628,step2v2_0801_1in89_moeh352_sed352_h1408_ffnh3904_numh11_numl16_lr1.953e-03_bs256_ti7629_mlr1e-5_gg,1dense,mha,1,126877696,2150612992,187973632,1681489920,45056,4000000000,1.8599348255029975,10140.939798,0.0874046761082711,1in89
2048,1,89,352,352,1408,3904,11,16,0.001953,512,3814,2.597189,2.607736653328883,2.441014,-1,3813,step2v2_0801_1in89_moeh352_sed352_h1408_ffnh3904_numh11_numl16_lr1.953e-03_bs512_ti3814_mlr1e-5_gg,1dense,mha,1,126877696,2150612992,187973632,1681489920,45056,4000000000,1.8599348255029975,9310.027396,0.0874046761082711,1in89
2048,1,89,352,352,1408,3904,11,16,0.002762,32,61035,2.573935,2.616159807207947,0.414882,-1,61034,step2v2_0801_1in89_moeh352_sed352_h1408_ffnh3904_numh11_numl16_lr2.762e-03_bs32_ti61035_mlr1e-5_gg,1dense,mha,1,126877696,2150612992,187973632,1681489920,45056,4000000000,1.8599348255029975,25322.32287,0.0874046761082711,1in89
2048,1,89,352,352,1408,3904,11,16,0.002762,64,30517,2.594556,2.588098378159314,0.510484,-1,30516,step2v2_0801_1in89_moeh352_sed352_h1408_ffnh3904_numh11_numl16_lr2.762e-03_bs64_ti30517_mlr1e-5_gg,1dense,mha,1,126877696,2150612992,187973632,1681489920,45056,4000000000,1.8599348255029975,15578.440228,0.0874046761082711,1in89
2048,1,89,352,352,1408,3904,11,16,0.002762,128,15258,2.641388,2.607072537680578,0.787016,-1,15257,step2v2_0801_1in89_moeh352_sed352_h1408_ffnh3904_numh11_numl16_lr2.762e-03_bs128_ti15258_mlr1e-5_gg,1dense,mha,1,126877696,2150612992,187973632,1681489920,45056,4000000000,1.8599348255029975,12008.290128,0.0874046761082711,1in89
2048,1,89,352,352,1408,3904,11,16,0.002762,256,7629,2.653619,2.601081717027378,1.329318,-1,7628,step2v2_0801_1in89_moeh352_sed352_h1408_ffnh3904_numh11_numl16_lr2.762e-03_bs256_ti7629_mlr1e-5_gg,1dense,mha,1,126877696,2150612992,187973632,1681489920,45056,4000000000,1.8599348255029975,10141.367022,0.0874046761082711,1in89
2048,1,89,352,352,1408,3904,11,16,0.002762,512,3814,2.635856,2.645242802862103,2.425865,-1,3813,step2v2_0801_1in89_moeh352_sed352_h1408_ffnh3904_numh11_numl16_lr2.762e-03_bs512_ti3814_mlr1e-5_gg,1dense,mha,1,126877696,2150612992,187973632,1681489920,45056,4000000000,1.8599348255029975,9252.24911,0.0874046761082711,1in89
2048,1,89,352,352,1408,3904,11,16,0.0001726,32,122070,2.51503,2.4422660232881057,0.391071,-1,122069,step2v2_0801_1in89_moeh352_sed352_h1408_ffnh3904_numh11_numl16_lr1.726e-04_bs32_ti122070_mlr1e-5_gg,1dense,mha,1,126877696,2150612992,187973632,1681489920,45056,8000000000,3.719869651005995,47738.03697,0.0874046761082711,1in89
2048,1,89,352,352,1408,3904,11,16,0.0001726,64,61035,2.482612,2.4309252123174594,0.441498,-1,61034,step2v2_0801_1in89_moeh352_sed352_h1408_ffnh3904_numh11_numl16_lr1.726e-04_bs64_ti61035_mlr1e-5_gg,1dense,mha,1,126877696,2150612992,187973632,1681489920,45056,8000000000,3.719869651005995,26946.83043,0.0874046761082711,1in89
2048,1,89,352,352,1408,3904,11,16,0.0001726,128,30517,2.471535,2.436819614736569,0.543431,-1,30516,step2v2_0801_1in89_moeh352_sed352_h1408_ffnh3904_numh11_numl16_lr1.726e-04_bs128_ti30517_mlr1e-5_gg,1dense,mha,1,126877696,2150612992,187973632,1681489920,45056,8000000000,3.719869651005995,16583.883827,0.0874046761082711,1in89
2048,1,89,352,352,1408,3904,11,16,0.0001726,256,15258,2.484566,2.465408102746918,0.816316,-1,15257,step2v2_0801_1in89_moeh352_sed352_h1408_ffnh3904_numh11_numl16_lr1.726e-04_bs256_ti15258_mlr1e-5_gg,1dense,mha,1,126877696,2150612992,187973632,1681489920,45056,8000000000,3.719869651005995,12455.349528,0.0874046761082711,1in89
2048,1,89,352,352,1408,3904,11,16,0.0001726,512,7629,2.51996,2.5152742204112366,1.363676,-1,7628,step2v2_0801_1in89_moeh352_sed352_h1408_ffnh3904_numh11_numl16_lr1.726e-04_bs512_ti7629_mlr1e-5_gg,1dense,mha,1,126877696,2150612992,187973632,1681489920,45056,8000000000,3.719869651005995,10403.484203999998,0.0874046761082711,1in89
2048,1,89,352,352,1408,3904,11,16,0.0002441,32,122070,2.514198,2.4422338680230258,0.390077,-1,122069,step2v2_0801_1in89_moeh352_sed352_h1408_ffnh3904_numh11_numl16_lr2.441e-04_bs32_ti122070_mlr1e-5_gg,1dense,mha,1,126877696,2150612992,187973632,1681489920,45056,8000000000,3.719869651005995,47616.69939,0.0874046761082711,1in89
2048,1,89,352,352,1408,3904,11,16,0.0002441,64,61035,2.475657,2.4248022743712982,0.437452,-1,61034,step2v2_0801_1in89_moeh352_sed352_h1408_ffnh3904_numh11_numl16_lr2.441e-04_bs64_ti61035_mlr1e-5_gg,1dense,mha,1,126877696,2150612992,187973632,1681489920,45056,8000000000,3.719869651005995,26699.88282,0.0874046761082711,1in89
2048,1,89,352,352,1408,3904,11,16,0.0002441,128,30517,2.457071,2.424126339585731,0.541206,-1,30516,step2v2_0801_1in89_moeh352_sed352_h1408_ffnh3904_numh11_numl16_lr2.441e-04_bs128_ti30517_mlr1e-5_gg,1dense,mha,1,126877696,2150612992,187973632,1681489920,45056,8000000000,3.719869651005995,16515.983502,0.0874046761082711,1in89
2048,1,89,352,352,1408,3904,11,16,0.0002441,256,15258,2.463173,2.4421114214165085,0.820176,-1,15257,step2v2_0801_1in89_moeh352_sed352_h1408_ffnh3904_numh11_numl16_lr2.441e-04_bs256_ti15258_mlr1e-5_gg,1dense,mha,1,126877696,2150612992,187973632,1681489920,45056,8000000000,3.719869651005995,12514.245408,0.0874046761082711,1in89
2048,1,89,352,352,1408,3904,11,16,0.0002441,512,7629,2.485689,2.4813855371879736,1.365428,-1,7628,step2v2_0801_1in89_moeh352_sed352_h1408_ffnh3904_numh11_numl16_lr2.441e-04_bs512_ti7629_mlr1e-5_gg,1dense,mha,1,126877696,2150612992,187973632,1681489920,45056,8000000000,3.719869651005995,10416.850212,0.0874046761082711,1in89
2048,1,89,352,352,1408,3904,11,16,0.0003453,32,122070,2.518849,2.4444873006837287,0.388995,-1,122069,step2v2_0801_1in89_moeh352_sed352_h1408_ffnh3904_numh11_numl16_lr3.453e-04_bs32_ti122070_mlr1e-5_gg,1dense,mha,1,126877696,2150612992,187973632,1681489920,45056,8000000000,3.719869651005995,47484.61965,0.0874046761082711,1in89
2048,1,89,352,352,1408,3904,11,16,0.0003453,64,61035,2.470515,2.4221650247576525,0.439333,-1,61034,step2v2_0801_1in89_moeh352_sed352_h1408_ffnh3904_numh11_numl16_lr3.453e-04_bs64_ti61035_mlr1e-5_gg,1dense,mha,1,126877696,2150612992,187973632,1681489920,45056,8000000000,3.719869651005995,26814.689655,0.0874046761082711,1in89
2048,1,89,352,352,1408,3904,11,16,0.0003453,128,30517,2.452141,2.4177609059013,0.539935,-1,30516,step2v2_0801_1in89_moeh352_sed352_h1408_ffnh3904_numh11_numl16_lr3.453e-04_bs128_ti30517_mlr1e-5_gg,1dense,mha,1,126877696,2150612992,187973632,1681489920,45056,8000000000,3.719869651005995,16477.196395000003,0.0874046761082711,1in89
2048,1,89,352,352,1408,3904,11,16,0.0003453,256,15258,2.450099,2.429519393035797,0.815034,-1,15257,step2v2_0801_1in89_moeh352_sed352_h1408_ffnh3904_numh11_numl16_lr3.453e-04_bs256_ti15258_mlr1e-5_gg,1dense,mha,1,126877696,2150612992,187973632,1681489920,45056,8000000000,3.719869651005995,12435.788772,0.0874046761082711,1in89
2048,1,89,352,352,1408,3904,11,16,0.0003453,512,7629,2.460532,2.4558872084945245,1.367042,-1,7628,step2v2_0801_1in89_moeh352_sed352_h1408_ffnh3904_numh11_numl16_lr3.453e-04_bs512_ti7629_mlr1e-5_gg,1dense,mha,1,126877696,2150612992,187973632,1681489920,45056,8000000000,3.719869651005995,10429.163418,0.0874046761082711,1in89
2048,1,89,352,352,1408,3904,11,16,0.0004883,32,122070,2.531745,2.4527079661265687,0.388925,-1,122069,step2v2_0801_1in89_moeh352_sed352_h1408_ffnh3904_numh11_numl16_lr4.883e-04_bs32_ti122070_mlr1e-5_gg,1dense,mha,1,126877696,2150612992,187973632,1681489920,45056,8000000000,3.719869651005995,47476.07475,0.0874046761082711,1in89
2048,1,89,352,352,1408,3904,11,16,0.0004883,64,61035,2.473212,2.4239877699871,0.442235,-1,61034,step2v2_0801_1in89_moeh352_sed352_h1408_ffnh3904_numh11_numl16_lr4.883e-04_bs64_ti61035_mlr1e-5_gg,1dense,mha,1,126877696,2150612992,187973632,1681489920,45056,8000000000,3.719869651005995,26991.813225,0.0874046761082711,1in89
2048,1,89,352,352,1408,3904,11,16,0.0004883,128,30517,2.450355,2.417205116671916,0.539036,-1,30516,step2v2_0801_1in89_moeh352_sed352_h1408_ffnh3904_numh11_numl16_lr4.883e-04_bs128_ti30517_mlr1e-5_gg,1dense,mha,1,126877696,2150612992,187973632,1681489920,45056,8000000000,3.719869651005995,16449.761612,0.0874046761082711,1in89
2048,1,89,352,352,1408,3904,11,16,0.0004883,256,15258,2.441797,2.422097097196249,0.810735,-1,15257,step2v2_0801_1in89_moeh352_sed352_h1408_ffnh3904_numh11_numl16_lr4.883e-04_bs256_ti15258_mlr1e-5_gg,1dense,mha,1,126877696,2150612992,187973632,1681489920,45056,8000000000,3.719869651005995,12370.19463,0.0874046761082711,1in89
2048,1,89,352,352,1408,3904,11,16,0.0004883,512,7629,2.444397,2.4400648007334755,1.357722,-1,7628,step2v2_0801_1in89_moeh352_sed352_h1408_ffnh3904_numh11_numl16_lr4.883e-04_bs512_ti7629_mlr1e-5_gg,1dense,mha,1,126877696,2150612992,187973632,1681489920,45056,8000000000,3.719869651005995,10358.061138,0.0874046761082711,1in89
2048,1,89,352,352,1408,3904,11,16,0.0006905,32,122070,2.539101,2.461742386831697,0.389975,-1,122069,step2v2_0801_1in89_moeh352_sed352_h1408_ffnh3904_numh11_numl16_lr6.905e-04_bs32_ti122070_mlr1e-5_gg,1dense,mha,1,126877696,2150612992,187973632,1681489920,45056,8000000000,3.719869651005995,47604.24825,0.0874046761082711,1in89
2048,1,89,352,352,1408,3904,11,16,0.0006905,64,61035,2.478456,2.4279395023247243,0.439434,-1,61034,step2v2_0801_1in89_moeh352_sed352_h1408_ffnh3904_numh11_numl16_lr6.905e-04_bs64_ti61035_mlr1e-5_gg,1dense,mha,1,126877696,2150612992,187973632,1681489920,45056,8000000000,3.719869651005995,26820.85419,0.0874046761082711,1in89
2048,1,89,352,352,1408,3904,11,16,0.0006905,128,30517,2.453808,2.419512272760075,0.54167,-1,30516,step2v2_0801_1in89_moeh352_sed352_h1408_ffnh3904_numh11_numl16_lr6.905e-04_bs128_ti30517_mlr1e-5_gg,1dense,mha,1,126877696,2150612992,187973632,1681489920,45056,8000000000,3.719869651005995,16530.14339,0.0874046761082711,1in89
2048,1,89,352,352,1408,3904,11,16,0.0006905,256,15258,2.441162,2.4211127759906037,0.812607,-1,15257,step2v2_0801_1in89_moeh352_sed352_h1408_ffnh3904_numh11_numl16_lr6.905e-04_bs256_ti15258_mlr1e-5_gg,1dense,mha,1,126877696,2150612992,187973632,1681489920,45056,8000000000,3.719869651005995,12398.757606,0.0874046761082711,1in89
2048,1,89,352,352,1408,3904,11,16,0.0006905,512,7629,2.436129,2.431029196805063,1.368136,-1,7628,step2v2_0801_1in89_moeh352_sed352_h1408_ffnh3904_numh11_numl16_lr6.905e-04_bs512_ti7629_mlr1e-5_gg,1dense,mha,1,126877696,2150612992,187973632,1681489920,45056,8000000000,3.719869651005995,10437.509544,0.0874046761082711,1in89
2048,1,89,352,352,1408,3904,11,16,0.0009766,32,122070,2.533881,2.460882829398407,0.406152,-1,122069,step2v2_0801_1in89_moeh352_sed352_h1408_ffnh3904_numh11_numl16_lr9.766e-04_bs32_ti122070_mlr1e-5_gg,1dense,mha,1,126877696,2150612992,187973632,1681489920,45056,8000000000,3.719869651005995,49578.97464,0.0874046761082711,1in89
2048,1,89,352,352,1408,3904,11,16,0.0009766,64,61035,2.490513,2.4399140035961526,0.442995,-1,61034,step2v2_0801_1in89_moeh352_sed352_h1408_ffnh3904_numh11_numl16_lr9.766e-04_bs64_ti61035_mlr1e-5_gg,1dense,mha,1,126877696,2150612992,187973632,1681489920,45056,8000000000,3.719869651005995,27038.199825000003,0.0874046761082711,1in89
2048,1,89,352,352,1408,3904,11,16,0.0009766,128,30517,2.459973,2.4265020631223235,0.543228,-1,30516,step2v2_0801_1in89_moeh352_sed352_h1408_ffnh3904_numh11_numl16_lr9.766e-04_bs128_ti30517_mlr1e-5_gg,1dense,mha,1,126877696,2150612992,187973632,1681489920,45056,8000000000,3.719869651005995,16577.688876,0.0874046761082711,1in89
2048,1,89,352,352,1408,3904,11,16,0.0009766,256,15258,2.447134,2.42665327078137,0.806754,-1,15257,step2v2_0801_1in89_moeh352_sed352_h1408_ffnh3904_numh11_numl16_lr9.766e-04_bs256_ti15258_mlr1e-5_gg,1dense,mha,1,126877696,2150612992,187973632,1681489920,45056,8000000000,3.719869651005995,12309.452532,0.0874046761082711,1in89
2048,1,89,352,352,1408,3904,11,16,0.0009766,512,7629,2.439672,2.434214526632033,1.362522,-1,7628,step2v2_0801_1in89_moeh352_sed352_h1408_ffnh3904_numh11_numl16_lr9.766e-04_bs512_ti7629_mlr1e-5_gg,1dense,mha,1,126877696,2150612992,187973632,1681489920,45056,8000000000,3.719869651005995,10394.680338,0.0874046761082711,1in89
2048,1,89,352,352,1408,3904,11,16,0.001381,32,122070,2.552225,2.472836349364949,0.438976,-1,122069,step2v2_0801_1in89_moeh352_sed352_h1408_ffnh3904_numh11_numl16_lr1.381e-03_bs32_ti122070_mlr1e-5_gg,1dense,mha,1,126877696,2150612992,187973632,1681489920,45056,8000000000,3.719869651005995,53585.80032,0.0874046761082711,1in89
2048,1,89,352,352,1408,3904,11,16,0.001381,64,61035,2.492634,2.442963968536376,0.440784,-1,61034,step2v2_0801_1in89_moeh352_sed352_h1408_ffnh3904_numh11_numl16_lr1.381e-03_bs64_ti61035_mlr1e-5_gg,1dense,mha,1,126877696,2150612992,187973632,1681489920,45056,8000000000,3.719869651005995,26903.25144,0.0874046761082711,1in89
2048,1,89,352,352,1408,3904,11,16,0.001381,128,30517,2.468177,2.4338471523839007,0.542052,-1,30516,step2v2_0801_1in89_moeh352_sed352_h1408_ffnh3904_numh11_numl16_lr1.381e-03_bs128_ti30517_mlr1e-5_gg,1dense,mha,1,126877696,2150612992,187973632,1681489920,45056,8000000000,3.719869651005995,16541.800884,0.0874046761082711,1in89
2048,1,89,352,352,1408,3904,11,16,0.001381,256,15258,2.460602,2.4403463059904964,0.811021,-1,15257,step2v2_0801_1in89_moeh352_sed352_h1408_ffnh3904_numh11_numl16_lr1.381e-03_bs256_ti15258_mlr1e-5_gg,1dense,mha,1,126877696,2150612992,187973632,1681489920,45056,8000000000,3.719869651005995,12374.558418,0.0874046761082711,1in89
2048,1,89,352,352,1408,3904,11,16,0.001381,512,7629,2.452768,2.447792567806372,1.36146,-1,7628,step2v2_0801_1in89_moeh352_sed352_h1408_ffnh3904_numh11_numl16_lr1.381e-03_bs512_ti7629_mlr1e-5_gg,1dense,mha,1,126877696,2150612992,187973632,1681489920,45056,8000000000,3.719869651005995,10386.57834,0.0874046761082711,1in89
2048,1,89,352,352,1408,3904,11,16,0.001953,32,122070,2.570803,2.490890933167179,0.403448,-1,122069,step2v2_0801_1in89_moeh352_sed352_h1408_ffnh3904_numh11_numl16_lr1.953e-03_bs32_ti122070_mlr1e-5_gg,1dense,mha,1,126877696,2150612992,187973632,1681489920,45056,8000000000,3.719869651005995,49248.89736,0.0874046761082711,1in89
2048,1,89,352,352,1408,3904,11,16,0.001953,64,61035,2.508143,2.457482484935133,0.436469,-1,61034,step2v2_0801_1in89_moeh352_sed352_h1408_ffnh3904_numh11_numl16_lr1.953e-03_bs64_ti61035_mlr1e-5_gg,1dense,mha,1,126877696,2150612992,187973632,1681489920,45056,8000000000,3.719869651005995,26639.885415,0.0874046761082711,1in89
2048,1,89,352,352,1408,3904,11,16,0.001953,128,30517,2.474116,2.441396301497276,0.537872,-1,30516,step2v2_0801_1in89_moeh352_sed352_h1408_ffnh3904_numh11_numl16_lr1.953e-03_bs128_ti30517_mlr1e-5_gg,1dense,mha,1,126877696,2150612992,187973632,1681489920,45056,8000000000,3.719869651005995,16414.239824,0.0874046761082711,1in89
2048,1,89,352,352,1408,3904,11,16,0.001953,256,15258,2.472469,2.451960566957802,0.815088,-1,15257,step2v2_0801_1in89_moeh352_sed352_h1408_ffnh3904_numh11_numl16_lr1.953e-03_bs256_ti15258_mlr1e-5_gg,1dense,mha,1,126877696,2150612992,187973632,1681489920,45056,8000000000,3.719869651005995,12436.612704,0.0874046761082711,1in89
2048,1,89,352,352,1408,3904,11,16,0.001953,512,7629,2.471861,2.466153327040673,1.398998,-1,7628,step2v2_0801_1in89_moeh352_sed352_h1408_ffnh3904_numh11_numl16_lr1.953e-03_bs512_ti7629_mlr1e-5_gg,1dense,mha,1,126877696,2150612992,187973632,1681489920,45056,8000000000,3.719869651005995,10672.955742,0.0874046761082711,1in89
2048,1,89,352,352,1408,3904,11,16,0.002762,32,122070,2.595273,2.5160325472095724,0.403572,-1,122069,step2v2_0801_1in89_moeh352_sed352_h1408_ffnh3904_numh11_numl16_lr2.762e-03_bs32_ti122070_mlr1e-5_gg,1dense,mha,1,126877696,2150612992,187973632,1681489920,45056,8000000000,3.719869651005995,49264.03404,0.0874046761082711,1in89
2048,1,89,352,352,1408,3904,11,16,0.002762,64,61035,2.533806,2.48054991543712,0.460668,-1,61034,step2v2_0801_1in89_moeh352_sed352_h1408_ffnh3904_numh11_numl16_lr2.762e-03_bs64_ti61035_mlr1e-5_gg,1dense,mha,1,126877696,2150612992,187973632,1681489920,45056,8000000000,3.719869651005995,28116.87138,0.0874046761082711,1in89
2048,1,89,352,352,1408,3904,11,16,0.002762,128,30517,2.489987,2.455776857266894,0.537588,-1,30516,step2v2_0801_1in89_moeh352_sed352_h1408_ffnh3904_numh11_numl16_lr2.762e-03_bs128_ti30517_mlr1e-5_gg,1dense,mha,1,126877696,2150612992,187973632,1681489920,45056,8000000000,3.719869651005995,16405.572996,0.0874046761082711,1in89
2048,1,89,352,352,1408,3904,11,16,0.002762,256,15258,2.485152,2.4653752963664326,0.81137,-1,15257,step2v2_0801_1in89_moeh352_sed352_h1408_ffnh3904_numh11_numl16_lr2.762e-03_bs256_ti15258_mlr1e-5_gg,1dense,mha,1,126877696,2150612992,187973632,1681489920,45056,8000000000,3.719869651005995,12379.88346,0.0874046761082711,1in89
2048,1,89,352,352,1408,3904,11,16,0.002762,512,7629,2.494019,2.4896387129248407,1.349788,-1,7628,step2v2_0801_1in89_moeh352_sed352_h1408_ffnh3904_numh11_numl16_lr2.762e-03_bs512_ti7629_mlr1e-5_gg,1dense,mha,1,126877696,2150612992,187973632,1681489920,45056,8000000000,3.719869651005995,10297.532652,0.0874046761082711,1in89
2048,1,89,352,352,1408,3904,11,16,0.0001726,32,305175,2.256191,2.340925199403488,0.403736,-1,305174,step2v2_0801_1in89_moeh352_sed352_h1408_ffnh3904_numh11_numl16_lr1.726e-04_bs32_ti305175_mlr1e-5_gg,1dense,mha,1,126877696,2150612992,187973632,1681489920,45056,20000000000,9.299674127514988,123210.1338,0.0874046761082711,1in89
2048,1,89,352,352,1408,3904,11,16,0.0001726,64,152587,2.310169,2.3187983116412023,0.572114,-1,152586,step2v2_0801_1in89_moeh352_sed352_h1408_ffnh3904_numh11_numl16_lr1.726e-04_bs64_ti152587_mlr1e-5_gg,1dense,mha,1,126877696,2150612992,187973632,1681489920,45056,20000000000,9.299674127514988,87297.158918,0.0874046761082711,1in89
2048,1,89,352,352,1408,3904,11,16,0.0001726,128,76293,2.364941,2.312275908163364,0.541504,-1,76292,step2v2_0801_1in89_moeh352_sed352_h1408_ffnh3904_numh11_numl16_lr1.726e-04_bs128_ti76293_mlr1e-5_gg,1dense,mha,1,126877696,2150612992,187973632,1681489920,45056,20000000000,9.299674127514988,41312.964672,0.0874046761082711,1in89
2048,1,89,352,352,1408,3904,11,16,0.0001726,256,38146,2.3016,2.324610665975448,0.808282,-1,38145,step2v2_0801_1in89_moeh352_sed352_h1408_ffnh3904_numh11_numl16_lr1.726e-04_bs256_ti38146_mlr1e-5_gg,1dense,mha,1,126877696,2150612992,187973632,1681489920,45056,20000000000,9.299674127514988,30832.725172,0.0874046761082711,1in89
2048,1,89,352,352,1408,3904,11,16,0.0001726,512,19073,2.334049,2.352357797065014,1.357095,-1,19072,step2v2_0801_1in89_moeh352_sed352_h1408_ffnh3904_numh11_numl16_lr1.726e-04_bs512_ti19073_mlr1e-5_gg,1dense,mha,1,126877696,2150612992,187973632,1681489920,45056,20000000000,9.299674127514988,25883.872935,0.0874046761082711,1in89
2048,1,89,352,352,1408,3904,11,16,0.0002441,32,305175,2.265493,2.3412146691153644,0.403667,-1,305174,step2v2_0801_1in89_moeh352_sed352_h1408_ffnh3904_numh11_numl16_lr2.441e-04_bs32_ti305175_mlr1e-5_gg,1dense,mha,1,126877696,2150612992,187973632,1681489920,45056,20000000000,9.299674127514988,123189.076725,0.0874046761082711,1in89
2048,1,89,352,352,1408,3904,11,16,0.0002441,64,152587,2.307632,2.3141221729716905,0.567793,-1,152586,step2v2_0801_1in89_moeh352_sed352_h1408_ffnh3904_numh11_numl16_lr2.441e-04_bs64_ti152587_mlr1e-5_gg,1dense,mha,1,126877696,2150612992,187973632,1681489920,45056,20000000000,9.299674127514988,86637.830491,0.0874046761082711,1in89
2048,1,89,352,352,1408,3904,11,16,0.0002441,128,76293,2.355638,2.3040369752627634,0.540944,-1,76292,step2v2_0801_1in89_moeh352_sed352_h1408_ffnh3904_numh11_numl16_lr2.441e-04_bs128_ti76293_mlr1e-5_gg,1dense,mha,1,126877696,2150612992,187973632,1681489920,45056,20000000000,9.299674127514988,41270.240592,0.0874046761082711,1in89
2048,1,89,352,352,1408,3904,11,16,0.0002441,256,38146,2.288286,2.3106799317758107,0.812488,-1,38145,step2v2_0801_1in89_moeh352_sed352_h1408_ffnh3904_numh11_numl16_lr2.441e-04_bs256_ti38146_mlr1e-5_gg,1dense,mha,1,126877696,2150612992,187973632,1681489920,45056,20000000000,9.299674127514988,30993.167248,0.0874046761082711,1in89
2048,1,89,352,352,1408,3904,11,16,0.0002441,512,19073,2.311626,2.330136286182561,1.349092,-1,19072,step2v2_0801_1in89_moeh352_sed352_h1408_ffnh3904_numh11_numl16_lr2.441e-04_bs512_ti19073_mlr1e-5_gg,1dense,mha,1,126877696,2150612992,187973632,1681489920,45056,20000000000,9.299674127514988,25731.231716,0.0874046761082711,1in89
2048,1,89,352,352,1408,3904,11,16,0.0003453,32,305175,2.269125,2.344877581954548,0.404859,-1,305174,step2v2_0801_1in89_moeh352_sed352_h1408_ffnh3904_numh11_numl16_lr3.453e-04_bs32_ti305175_mlr1e-5_gg,1dense,mha,1,126877696,2150612992,187973632,1681489920,45056,20000000000,9.299674127514988,123552.845325,0.0874046761082711,1in89
2048,1,89,352,352,1408,3904,11,16,0.0003453,64,152587,2.30254,2.313221809786379,0.571464,-1,152586,step2v2_0801_1in89_moeh352_sed352_h1408_ffnh3904_numh11_numl16_lr3.453e-04_bs64_ti152587_mlr1e-5_gg,1dense,mha,1,126877696,2150612992,187973632,1681489920,45056,20000000000,9.299674127514988,87197.97736799999,0.0874046761082711,1in89
2048,1,89,352,352,1408,3904,11,16,0.0003453,128,76293,2.350705,2.2993854044787616,0.539535,-1,76292,step2v2_0801_1in89_moeh352_sed352_h1408_ffnh3904_numh11_numl16_lr3.453e-04_bs128_ti76293_mlr1e-5_gg,1dense,mha,1,126877696,2150612992,187973632,1681489920,45056,20000000000,9.299674127514988,41162.743755,0.0874046761082711,1in89
2048,1,89,352,352,1408,3904,11,16,0.0003453,256,38146,2.283039,2.305928332751915,1.580315,-1,38145,step2v2_0801_1in89_moeh352_sed352_h1408_ffnh3904_numh11_numl16_lr3.453e-04_bs256_ti38146_mlr1e-5_gg,1dense,mha,1,126877696,2150612992,187973632,1681489920,45056,20000000000,9.299674127514988,60282.69599000001,0.0874046761082711,1in89
2048,1,89,352,352,1408,3904,11,16,0.0003453,512,19073,2.303638,2.3216271353939795,2.9291270000000003,-1,19072,step2v2_0801_1in89_moeh352_sed352_h1408_ffnh3904_numh11_numl16_lr3.453e-04_bs512_ti19073_mlr1e-5_gg,1dense,mha,1,126877696,2150612992,187973632,1681489920,45056,20000000000,9.299674127514988,55867.239271000006,0.0874046761082711,1in89
2048,1,89,352,352,1408,3904,11,16,0.0004883,32,305175,2.275272,2.3504138982875182,0.404728,-1,305174,step2v2_0801_1in89_moeh352_sed352_h1408_ffnh3904_numh11_numl16_lr4.883e-04_bs32_ti305175_mlr1e-5_gg,1dense,mha,1,126877696,2150612992,187973632,1681489920,45056,20000000000,9.299674127514988,123512.8674,0.0874046761082711,1in89
2048,1,89,352,352,1408,3904,11,16,0.0004883,64,152587,2.30311,2.314013100194778,0.61252,-1,152586,step2v2_0801_1in89_moeh352_sed352_h1408_ffnh3904_numh11_numl16_lr4.883e-04_bs64_ti152587_mlr1e-5_gg,1dense,mha,1,126877696,2150612992,187973632,1681489920,45056,20000000000,9.299674127514988,93462.58924,0.0874046761082711,1in89
2048,1,89,352,352,1408,3904,11,16,0.0004883,128,76293,2.35408,2.302801679158547,0.976791,-1,76292,step2v2_0801_1in89_moeh352_sed352_h1408_ffnh3904_numh11_numl16_lr4.883e-04_bs128_ti76293_mlr1e-5_gg,1dense,mha,1,126877696,2150612992,187973632,1681489920,45056,20000000000,9.299674127514988,74522.31576299999,0.0874046761082711,1in89
2048,1,89,352,352,1408,3904,11,16,0.0004883,256,38146,2.280579,2.3034101338180504,1.587414,-1,38145,step2v2_0801_1in89_moeh352_sed352_h1408_ffnh3904_numh11_numl16_lr4.883e-04_bs256_ti38146_mlr1e-5_gg,1dense,mha,1,126877696,2150612992,187973632,1681489920,45056,20000000000,9.299674127514988,60553.494444,0.0874046761082711,1in89
2048,1,89,352,352,1408,3904,11,16,0.0004883,512,19073,2.291452,2.310159989078,2.941865,-1,19072,step2v2_0801_1in89_moeh352_sed352_h1408_ffnh3904_numh11_numl16_lr4.883e-04_bs512_ti19073_mlr1e-5_gg,1dense,mha,1,126877696,2150612992,187973632,1681489920,45056,20000000000,9.299674127514988,56110.191145,0.0874046761082711,1in89
2048,1,89,352,352,1408,3904,11,16,0.0006905,32,305175,2.286544,2.358616336813115,0.403354,-1,305174,step2v2_0801_1in89_moeh352_sed352_h1408_ffnh3904_numh11_numl16_lr6.905e-04_bs32_ti305175_mlr1e-5_gg,1dense,mha,1,126877696,2150612992,187973632,1681489920,45056,20000000000,9.299674127514988,123093.55695,0.0874046761082711,1in89
2048,1,89,352,352,1408,3904,11,16,0.0006905,64,152587,2.311377,2.321344556576669,0.572894,-1,152586,step2v2_0801_1in89_moeh352_sed352_h1408_ffnh3904_numh11_numl16_lr6.905e-04_bs64_ti152587_mlr1e-5_gg,1dense,mha,1,126877696,2150612992,187973632,1681489920,45056,20000000000,9.299674127514988,87416.17677800001,0.0874046761082711,1in89
2048,1,89,352,352,1408,3904,11,16,0.0006905,128,76293,2.353772,2.304734961184664,0.906814,-1,76292,step2v2_0801_1in89_moeh352_sed352_h1408_ffnh3904_numh11_numl16_lr6.905e-04_bs128_ti76293_mlr1e-5_gg,1dense,mha,1,126877696,2150612992,187973632,1681489920,45056,20000000000,9.299674127514988,69183.56050200001,0.0874046761082711,1in89
2048,1,89,352,352,1408,3904,11,16,0.0006905,256,38146,2.277998,2.3001236434810406,1.581799,-1,38145,step2v2_0801_1in89_moeh352_sed352_h1408_ffnh3904_numh11_numl16_lr6.905e-04_bs256_ti38146_mlr1e-5_gg,1dense,mha,1,126877696,2150612992,187973632,1681489920,45056,20000000000,9.299674127514988,60339.304654,0.0874046761082711,1in89
2048,1,89,352,352,1408,3904,11,16,0.0006905,512,19073,2.287701,2.3066037999953557,2.944581,-1,19072,step2v2_0801_1in89_moeh352_sed352_h1408_ffnh3904_numh11_numl16_lr6.905e-04_bs512_ti19073_mlr1e-5_gg,1dense,mha,1,126877696,2150612992,187973632,1681489920,45056,20000000000,9.299674127514988,56161.993413,0.0874046761082711,1in89
2048,1,89,352,352,1408,3904,11,16,0.0009766,32,305175,2.304546,2.371680618800123,0.406319,-1,305174,step2v2_0801_1in89_moeh352_sed352_h1408_ffnh3904_numh11_numl16_lr9.766e-04_bs32_ti305175_mlr1e-5_gg,1dense,mha,1,126877696,2150612992,187973632,1681489920,45056,20000000000,9.299674127514988,123998.400825,0.0874046761082711,1in89
2048,1,89,352,352,1408,3904,11,16,0.0009766,64,152587,2.313376,2.3261434545684345,0.573085,-1,152586,step2v2_0801_1in89_moeh352_sed352_h1408_ffnh3904_numh11_numl16_lr9.766e-04_bs64_ti152587_mlr1e-5_gg,1dense,mha,1,126877696,2150612992,187973632,1681489920,45056,20000000000,9.299674127514988,87445.320895,0.0874046761082711,1in89
2048,1,89,352,352,1408,3904,11,16,0.0009766,128,76293,2.358315,2.306510488877982,0.905369,-1,76292,step2v2_0801_1in89_moeh352_sed352_h1408_ffnh3904_numh11_numl16_lr9.766e-04_bs128_ti76293_mlr1e-5_gg,1dense,mha,1,126877696,2150612992,187973632,1681489920,45056,20000000000,9.299674127514988,69073.317117,0.0874046761082711,1in89
2048,1,89,352,352,1408,3904,11,16,0.0009766,256,38146,2.276402,2.300142096314674,1.602292,-1,38145,step2v2_0801_1in89_moeh352_sed352_h1408_ffnh3904_numh11_numl16_lr9.766e-04_bs256_ti38146_mlr1e-5_gg,1dense,mha,1,126877696,2150612992,187973632,1681489920,45056,20000000000,9.299674127514988,61121.030632,0.0874046761082711,1in89
2048,1,89,352,352,1408,3904,11,16,0.0009766,512,19073,2.287766,2.3061576839795963,1.36009,-1,19072,step2v2_0801_1in89_moeh352_sed352_h1408_ffnh3904_numh11_numl16_lr9.766e-04_bs512_ti19073_mlr1e-5_gg,1dense,mha,1,126877696,2150612992,187973632,1681489920,45056,20000000000,9.299674127514988,25940.99657,0.0874046761082711,1in89
2048,1,89,352,352,1408,3904,11,16,0.001381,32,305175,2.337021,2.3994683031732995,0.390825,-1,305174,step2v2_0801_1in89_moeh352_sed352_h1408_ffnh3904_numh11_numl16_lr1.381e-03_bs32_ti305175_mlr1e-5_gg,1dense,mha,1,126877696,2150612992,187973632,1681489920,45056,20000000000,9.299674127514988,119270.019375,0.0874046761082711,1in89
2048,1,89,352,352,1408,3904,11,16,0.001381,64,152587,2.321369,2.33478386552406,0.439264,-1,152586,step2v2_0801_1in89_moeh352_sed352_h1408_ffnh3904_numh11_numl16_lr1.381e-03_bs64_ti152587_mlr1e-5_gg,1dense,mha,1,126877696,2150612992,187973632,1681489920,45056,20000000000,9.299674127514988,67025.975968,0.0874046761082711,1in89
2048,1,89,352,352,1408,3904,11,16,0.001381,128,76293,2.35714,2.304232148527952,0.538866,-1,76292,step2v2_0801_1in89_moeh352_sed352_h1408_ffnh3904_numh11_numl16_lr1.381e-03_bs128_ti76293_mlr1e-5_gg,1dense,mha,1,126877696,2150612992,187973632,1681489920,45056,20000000000,9.299674127514988,41111.703738,0.0874046761082711,1in89
2048,1,89,352,352,1408,3904,11,16,0.001381,256,38146,2.281535,2.303122478018086,0.815309,-1,38145,step2v2_0801_1in89_moeh352_sed352_h1408_ffnh3904_numh11_numl16_lr1.381e-03_bs256_ti38146_mlr1e-5_gg,1dense,mha,1,126877696,2150612992,187973632,1681489920,45056,20000000000,9.299674127514988,31100.777114,0.0874046761082711,1in89
2048,1,89,352,352,1408,3904,11,16,0.001381,512,19073,2.292971,2.3106409899351745,1.355021,-1,19072,step2v2_0801_1in89_moeh352_sed352_h1408_ffnh3904_numh11_numl16_lr1.381e-03_bs512_ti19073_mlr1e-5_gg,1dense,mha,1,126877696,2150612992,187973632,1681489920,45056,20000000000,9.299674127514988,25844.315533,0.0874046761082711,1in89
2048,1,89,352,352,1408,3904,11,16,0.001953,32,305175,2.363872,2.4234600004404263,0.388176,-1,305174,step2v2_0801_1in89_moeh352_sed352_h1408_ffnh3904_numh11_numl16_lr1.953e-03_bs32_ti305175_mlr1e-5_gg,1dense,mha,1,126877696,2150612992,187973632,1681489920,45056,20000000000,9.299674127514988,118461.6108,0.0874046761082711,1in89
2048,1,89,352,352,1408,3904,11,16,0.001953,64,152587,2.329011,2.3424737581013644,0.46861,-1,152586,step2v2_0801_1in89_moeh352_sed352_h1408_ffnh3904_numh11_numl16_lr1.953e-03_bs64_ti152587_mlr1e-5_gg,1dense,mha,1,126877696,2150612992,187973632,1681489920,45056,20000000000,9.299674127514988,71503.79407,0.0874046761082711,1in89
2048,1,89,352,352,1408,3904,11,16,0.001953,128,76293,2.363921,2.3130774913163568,0.538903,-1,76292,step2v2_0801_1in89_moeh352_sed352_h1408_ffnh3904_numh11_numl16_lr1.953e-03_bs128_ti76293_mlr1e-5_gg,1dense,mha,1,126877696,2150612992,187973632,1681489920,45056,20000000000,9.299674127514988,41114.526579000005,0.0874046761082711,1in89
2048,1,89,352,352,1408,3904,11,16,0.001953,256,38146,2.28185,2.3047742178398023,0.810556,-1,38145,step2v2_0801_1in89_moeh352_sed352_h1408_ffnh3904_numh11_numl16_lr1.953e-03_bs256_ti38146_mlr1e-5_gg,1dense,mha,1,126877696,2150612992,187973632,1681489920,45056,20000000000,9.299674127514988,30919.469176,0.0874046761082711,1in89
2048,1,89,352,352,1408,3904,11,16,0.001953,512,19073,2.30833,2.32616001325922,1.354881,-1,19072,step2v2_0801_1in89_moeh352_sed352_h1408_ffnh3904_numh11_numl16_lr1.953e-03_bs512_ti19073_mlr1e-5_gg,1dense,mha,1,126877696,2150612992,187973632,1681489920,45056,20000000000,9.299674127514988,25841.645313,0.0874046761082711,1in89
2048,1,89,352,352,1408,3904,11,16,0.002762,32,305175,2.397552,2.45546690557417,0.389957,-1,305174,step2v2_0801_1in89_moeh352_sed352_h1408_ffnh3904_numh11_numl16_lr2.762e-03_bs32_ti305175_mlr1e-5_gg,1dense,mha,1,126877696,2150612992,187973632,1681489920,45056,20000000000,9.299674127514988,119005.127475,0.0874046761082711,1in89
2048,1,89,352,352,1408,3904,11,16,0.002762,64,152587,2.355089,2.3693321611716978,0.440653,-1,152586,step2v2_0801_1in89_moeh352_sed352_h1408_ffnh3904_numh11_numl16_lr2.762e-03_bs64_ti152587_mlr1e-5_gg,1dense,mha,1,126877696,2150612992,187973632,1681489920,45056,20000000000,9.299674127514988,67237.919311,0.0874046761082711,1in89
2048,1,89,352,352,1408,3904,11,16,0.002762,128,76293,2.384728,2.3293234829360228,0.536832,-1,76292,step2v2_0801_1in89_moeh352_sed352_h1408_ffnh3904_numh11_numl16_lr2.762e-03_bs128_ti76293_mlr1e-5_gg,1dense,mha,1,126877696,2150612992,187973632,1681489920,45056,20000000000,9.299674127514988,40956.523776,0.0874046761082711,1in89
2048,1,89,352,352,1408,3904,11,16,0.002762,256,38146,2.298176,2.3207039063941943,0.808839,-1,38145,step2v2_0801_1in89_moeh352_sed352_h1408_ffnh3904_numh11_numl16_lr2.762e-03_bs256_ti38146_mlr1e-5_gg,1dense,mha,1,126877696,2150612992,187973632,1681489920,45056,20000000000,9.299674127514988,30853.972494,0.0874046761082711,1in89
2048,1,89,352,352,1408,3904,11,16,0.002762,512,19073,2.3107,2.327704091366318,1.359674,-1,19072,step2v2_0801_1in89_moeh352_sed352_h1408_ffnh3904_numh11_numl16_lr2.762e-03_bs512_ti19073_mlr1e-5_gg,1dense,mha,1,126877696,2150612992,187973632,1681489920,45056,20000000000,9.299674127514988,25933.062202,0.0874046761082711,1in89
