N,D,step,val_prose,val_academic,val_dialogue,val_symbolic,val_internet,r_academic,r_prose,r_dialogue,r_symbolic,r_internet,loss
1000000000,41000000000,40000,0,0,1,0,0,0.29296875,0.125,0.046875,0.13671875,0.3984375,2.07380615234375
1000000000,41000000000,30000,0,1,0,0,0,0.29296875,0.125,0.046875,0.13671875,0.3984375,2.4278168549408785
1000000000,41000000000,90000,0,1,0,0,0,0.3046875,0.1015625,0.09765625,0.1328125,0.36328125,1.9211668190381206
1000000000,41000000000,60000,0,0,1,0,0,0.3046875,0.1015625,0.09765625,0.1328125,0.36328125,2.3570963541666665
1000000000,41000000000,20000,0,1,0,0,0,0.0625,0,0.0625,0.125,0.75,2.9465804561491935
1000000000,41000000000,100000,0,0,1,0,0,0.29296875,0.125,0.046875,0.13671875,0.3984375,2.7545230263157894
1000000000,41000000000,20000,0,0,0,0,1,0.0625,0,0.0625,0.125,0.75,3.098114538544226
1000000000,41000000000,40000,1,0,0,0,0,0.3046875,0.1015625,0.09765625,0.1328125,0.36328125,3.0269266764322915
1000000000,41000000000,20000,0,0,0,0,1,0.5,0.09375,0.0625,0.25,0.09375,3.051833319909794
1000000000,41000000000,20000,0,1,0,0,0,0.25,0.1875,0.0625,0.125,0.375,3.3423602764423075
1000000000,41000000000,40000,1,0,0,0,0,0.3046875,0.1015625,0.09765625,0.1328125,0.36328125,2.9375074433117376
1000000000,41000000000,40000,0,1,0,0,0,0.3046875,0.1015625,0.09765625,0.1328125,0.36328125,2.538204070060484
1000000000,41000000000,90000,0,0,0,0,1,0.29296875,0.125,0.046875,0.13671875,0.3984375,2.472737420465528
1000000000,41000000000,60000,1,0,0,0,0,0.29296875,0.125,0.046875,0.13671875,0.3984375,2.8369542563833843
1000000000,41000000000,20000,0,0,1,0,0,0.3046875,0.1015625,0.09765625,0.1328125,0.36328125,3.0399362664473686
1000000000,41000000000,60000,0,0,1,0,0,0.3046875,0.1015625,0.09765625,0.1328125,0.36328125,2.097319103422619
1000000000,41000000000,90000,0,0,1,0,0,0.29296875,0.125,0.046875,0.13671875,0.3984375,2.055024646577381
1000000000,41000000000,100000,1,0,0,0,0,0.29296875,0.125,0.046875,0.13671875,0.3984375,2.8314971923828125
1000000000,41000000000,20000,1,0,0,0,0,0.29296875,0.125,0.046875,0.13671875,0.3984375,3.2051289876302085
1000000000,41000000000,30000,0,0,1,0,0,0.29296875,0.125,0.046875,0.13671875,0.3984375,2.9740182976973686
1000000000,41000000000,80000,0,0,0,0,1,0.3046875,0.1015625,0.09765625,0.1328125,0.36328125,2.8638565100967446
1000000000,41000000000,20000,0,0,0,0,1,0.0625,0,0.0625,0.125,0.75,2.1238236860795454
1000000000,41000000000,20000,0,0,0,0,1,0.0625,0,0.0625,0.125,0.75,2.757557033263531
1000000000,41000000000,30000,0,1,0,0,0,0.29296875,0.125,0.046875,0.13671875,0.3984375,2.606713079637097
1000000000,41000000000,30000,0,0,0,0,1,0.29296875,0.125,0.046875,0.13671875,0.3984375,2.0766994236232517
1000000000,41000000000,30000,1,0,0,0,0,0.3046875,0.1015625,0.09765625,0.1328125,0.36328125,3.10498046875
1000000000,41000000000,80000,0,0,1,0,0,0.29296875,0.125,0.046875,0.13671875,0.3984375,2.046816871279762
1000000000,41000000000,30000,0,0,1,0,0,0.3046875,0.1015625,0.09765625,0.1328125,0.36328125,2.933568050986842
1000000000,41000000000,30000,0,0,0,1,0,0.29296875,0.125,0.046875,0.13671875,0.3984375,1.4087480817522322
1000000000,41000000000,60000,0,0,0,1,0,0.29296875,0.125,0.046875,0.13671875,0.3984375,1.3552420479910714
1000000000,41000000000,40000,0,0,0,1,0,0.3046875,0.1015625,0.09765625,0.1328125,0.36328125,1.1133610652043269
1000000000,41000000000,80000,0,1,0,0,0,0.3046875,0.1015625,0.09765625,0.1328125,0.36328125,2.64814453125
1000000000,41000000000,90000,0,0,0,0,1,0.29296875,0.125,0.046875,0.13671875,0.3984375,1.9003598940122377
1000000000,41000000000,30000,0,0,1,0,0,0.29296875,0.125,0.046875,0.13671875,0.3984375,2.164237060546875
1000000000,41000000000,20000,0,1,0,0,0,0.5,0.09375,0.0625,0.25,0.09375,3.3763521634615383
1000000000,41000000000,90000,0,0,1,0,0,0.3046875,0.1015625,0.09765625,0.1328125,0.36328125,2.7312654194078947
1000000000,41000000000,20000,0,1,0,0,0,0.5,0.09375,0.09375,0.125,0.1875,2.4656685494087838
1000000000,41000000000,100000,0,0,1,0,0,0.29296875,0.125,0.046875,0.13671875,0.3984375,2.6275843178353657
1000000000,41000000000,70000,0,0,1,0,0,0.29296875,0.125,0.046875,0.13671875,0.3984375,2.179141090029762
1000000000,41000000000,80000,0,0,1,0,0,0.29296875,0.125,0.046875,0.13671875,0.3984375,2.38720703125
1000000000,41000000000,20000,0,0,0,0,1,0.5,0.09375,0.0625,0.25,0.09375,3.296397107712766
1000000000,41000000000,60000,0,1,0,0,0,0.3046875,0.1015625,0.09765625,0.1328125,0.36328125,2.6900390625
1000000000,41000000000,20000,0,0,0,0,1,0.3046875,0.1015625,0.09765625,0.1328125,0.36328125,2.8366258758859537
1000000000,41000000000,20000,0,0,0,0,1,0.25,0.1875,0.0625,0.125,0.375,2.2007774939903846
1000000000,41000000000,30000,0,1,0,0,0,0.3046875,0.1015625,0.09765625,0.1328125,0.36328125,2.833984375
1000000000,41000000000,60000,0,0,1,0,0,0.29296875,0.125,0.046875,0.13671875,0.3984375,2.2263416108630953
1000000000,41000000000,70000,0,0,1,0,0,0.3046875,0.1015625,0.09765625,0.1328125,0.36328125,1.7937060546875
1000000000,41000000000,20000,0,1,0,0,0,0.29296875,0.125,0.046875,0.13671875,0.3984375,2.1853147907021606
1000000000,41000000000,60000,0,1,0,0,0,0.29296875,0.125,0.046875,0.13671875,0.3984375,1.9784394392730495
1000000000,41000000000,30000,0,0,1,0,0,0.3046875,0.1015625,0.09765625,0.1328125,0.36328125,2.5540364583333335
1000000000,41000000000,30000,0,0,0,0,1,0.3046875,0.1015625,0.09765625,0.1328125,0.36328125,2.7144819436614047
1000000000,41000000000,40000,0,0,1,0,0,0.3046875,0.1015625,0.09765625,0.1328125,0.36328125,2.221865699404762
1000000000,41000000000,40000,0,0,1,0,0,0.29296875,0.125,0.046875,0.13671875,0.3984375,2.732005049542683
1000000000,41000000000,30000,1,0,0,0,0,0.29296875,0.125,0.046875,0.13671875,0.3984375,2.9849717881944446
1000000000,41000000000,20000,0,0,0,1,0,0.25,0.1875,0.0625,0.125,0.375,1.2735887288081984
1000000000,41000000000,20000,0,0,0,0,1,0.5,0.09375,0.0625,0.25,0.09375,3.35486109778102
1000000000,41000000000,40000,0,1,0,0,0,0.3046875,0.1015625,0.09765625,0.1328125,0.36328125,2.034362604588638
1000000000,41000000000,20000,1,0,0,0,0,0.3046875,0.1015625,0.09765625,0.1328125,0.36328125,3.0931532118055554
1000000000,41000000000,70000,0,1,0,0,0,0.3046875,0.1015625,0.09765625,0.1328125,0.36328125,1.6998878247810132
1000000000,41000000000,20000,0,1,0,0,0,0.5,0.09375,0.0625,0.25,0.09375,2.4831180057010136
1000000000,41000000000,80000,0,1,0,0,0,0.29296875,0.125,0.046875,0.13671875,0.3984375,1.6867527817234849
1000000000,41000000000,80000,0,0,0,0,1,0.29296875,0.125,0.046875,0.13671875,0.3984375,2.4837338162451674
1000000000,41000000000,60000,0,1,0,0,0,0.3046875,0.1015625,0.09765625,0.1328125,0.36328125,1.7189497514204546
1000000000,41000000000,20000,1,0,0,0,0,0.25,0.1875,0.0625,0.125,0.375,3.057888454861111
1000000000,41000000000,60000,0,0,0,1,0,0.29296875,0.125,0.046875,0.13671875,0.3984375,1.0419491910741396
1000000000,41000000000,70000,0,1,0,0,0,0.29296875,0.125,0.046875,0.13671875,0.3984375,1.9469580002772955
1000000000,41000000000,90000,0,1,0,0,0,0.29296875,0.125,0.046875,0.13671875,0.3984375,1.9203599429299645
1000000000,41000000000,70000,0,0,0,0,1,0.3046875,0.1015625,0.09765625,0.1328125,0.36328125,2.5245191436452963
1000000000,41000000000,20000,0,0,1,0,0,0.5,0.09375,0.09375,0.125,0.1875,2.70068359375
1000000000,41000000000,60000,0,1,0,0,0,0.29296875,0.125,0.046875,0.13671875,0.3984375,1.7211775346235796
1000000000,41000000000,90000,0,0,0,1,0,0.29296875,0.125,0.046875,0.13671875,0.3984375,1.3306012834821428
1000000000,41000000000,90000,0,1,0,0,0,0.29296875,0.125,0.046875,0.13671875,0.3984375,1.922273423936632
1000000000,41000000000,70000,0,0,0,1,0,0.29296875,0.125,0.046875,0.13671875,0.3984375,1.0202288299436995
1000000000,41000000000,70000,0,0,0,1,0,0.3046875,0.1015625,0.09765625,0.1328125,0.36328125,1.3445478166852678
1000000000,41000000000,60000,0,0,1,0,0,0.29296875,0.125,0.046875,0.13671875,0.3984375,2.44677734375
1000000000,41000000000,20000,0,1,0,0,0,0.5,0.09375,0.0625,0.25,0.09375,2.1264239652657215
1000000000,41000000000,90000,0,1,0,0,0,0.29296875,0.125,0.046875,0.13671875,0.3984375,2.941838191105769
1000000000,41000000000,90000,0,0,1,0,0,0.29296875,0.125,0.046875,0.13671875,0.3984375,2.3785807291666665
1000000000,41000000000,60000,0,0,1,0,0,0.29296875,0.125,0.046875,0.13671875,0.3984375,2.675936070884146
1000000000,41000000000,40000,0,1,0,0,0,0.3046875,0.1015625,0.09765625,0.1328125,0.36328125,3.123760516826923
1000000000,41000000000,80000,0,0,0,0,1,0.3046875,0.1015625,0.09765625,0.1328125,0.36328125,2.5023463927593426
1000000000,41000000000,20000,0,0,0,0,1,0.5,0.09375,0.09375,0.125,0.1875,2.929678061573776
1000000000,41000000000,30000,0,0,0,1,0,0.3046875,0.1015625,0.09765625,0.1328125,0.36328125,1.1610720244496457
1000000000,41000000000,30000,0,0,0,0,1,0.3046875,0.1015625,0.09765625,0.1328125,0.36328125,2.9676300698138296
1000000000,41000000000,30000,0,0,1,0,0,0.29296875,0.125,0.046875,0.13671875,0.3984375,2.3612816220238093
1000000000,41000000000,20000,0,0,0,0,1,0.5,0.09375,0.09375,0.125,0.1875,3.2510575428055897
1000000000,41000000000,70000,0,0,1,0,0,0.29296875,0.125,0.046875,0.13671875,0.3984375,2.654034870426829
1000000000,41000000000,40000,0,0,0,0,1,0.3046875,0.1015625,0.09765625,0.1328125,0.36328125,2.992050733261671
1000000000,41000000000,40000,0,0,0,0,1,0.29296875,0.125,0.046875,0.13671875,0.3984375,2.621921814594072
1000000000,41000000000,40000,0,0,0,1,0,0.29296875,0.125,0.046875,0.13671875,0.3984375,1.1096806699930415
1000000000,41000000000,20000,0,0,1,0,0,0.5,0.09375,0.0625,0.25,0.09375,2.651576450892857
1000000000,41000000000,100000,0,1,0,0,0,0.29296875,0.125,0.046875,0.13671875,0.3984375,1.9180657657576197
1000000000,41000000000,80000,0,1,0,0,0,0.29296875,0.125,0.046875,0.13671875,0.3984375,1.9307405448254245
1000000000,41000000000,20000,0,0,1,0,0,0.29296875,0.125,0.046875,0.13671875,0.3984375,2.856957412347561
1000000000,41000000000,20000,0,1,0,0,0,0.5,0.09375,0.09375,0.125,0.1875,2.1614219719636525
1000000000,41000000000,20000,0,0,1,0,0,0.5,0.09375,0.0625,0.25,0.09375,2.354083251953125
1000000000,41000000000,80000,1,0,0,0,0,0.3046875,0.1015625,0.09765625,0.1328125,0.36328125,2.8769124348958335
1000000000,41000000000,70000,0,1,0,0,0,0.29296875,0.125,0.046875,0.13671875,0.3984375,2.99169921875
1000000000,41000000000,70000,0,0,1,0,0,0.29296875,0.125,0.046875,0.13671875,0.3984375,1.9043994140625
1000000000,41000000000,80000,0,0,0,1,0,0.3046875,0.1015625,0.09765625,0.1328125,0.36328125,1.3366263253348214
1000000000,41000000000,20000,0,1,0,0,0,0.0625,0,0.0625,0.125,0.75,2.7482304133421986
1000000000,41000000000,40000,0,0,0,0,1,0.3046875,0.1015625,0.09765625,0.1328125,0.36328125,2.6421156421150127
1000000000,41000000000,80000,0,0,0,1,0,0.29296875,0.125,0.046875,0.13671875,0.3984375,1.0039764280743928
1000000000,41000000000,70000,0,0,0,0,1,0.29296875,0.125,0.046875,0.13671875,0.3984375,2.506180281491624
1000000000,41000000000,70000,1,0,0,0,0,0.29296875,0.125,0.046875,0.13671875,0.3984375,2.8170030381944446
1000000000,41000000000,30000,0,0,1,0,0,0.3046875,0.1015625,0.09765625,0.1328125,0.36328125,2.2028343563988093
1000000000,41000000000,20000,0,1,0,0,0,0.3046875,0.1015625,0.09765625,0.1328125,0.36328125,1.907924305308949
1000000000,41000000000,90000,0,0,0,1,0,0.3046875,0.1015625,0.09765625,0.1328125,0.36328125,1.0007702290770495
1000000000,41000000000,80000,0,0,1,0,0,0.3046875,0.1015625,0.09765625,0.1328125,0.36328125,1.764727783203125
1000000000,41000000000,20000,0,0,0,0,1,0.3046875,0.1015625,0.09765625,0.1328125,0.36328125,3.084696018949468
1000000000,41000000000,70000,0,0,1,0,0,0.3046875,0.1015625,0.09765625,0.1328125,0.36328125,2.7594315378289473
1000000000,41000000000,40000,1,0,0,0,0,0.29296875,0.125,0.046875,0.13671875,0.3984375,2.9134385850694446
1000000000,41000000000,20000,1,0,0,0,0,0.0625,0,0.0625,0.125,0.75,3.42242431640625
1000000000,41000000000,60000,0,0,0,0,1,0.3046875,0.1015625,0.09765625,0.1328125,0.36328125,2.551390972334085
1000000000,41000000000,70000,0,0,0,0,1,0.3046875,0.1015625,0.09765625,0.1328125,0.36328125,1.9338686216127623
1000000000,41000000000,20000,0,1,0,0,0,0.3046875,0.1015625,0.09765625,0.1328125,0.36328125,2.5291616078969597
1000000000,41000000000,20000,0,1,0,0,0,0.0625,0,0.0625,0.125,0.75,2.6902779244087838
1000000000,41000000000,60000,1,0,0,0,0,0.3046875,0.1015625,0.09765625,0.1328125,0.36328125,2.9351603190104165
1000000000,41000000000,90000,0,0,0,1,0,0.29296875,0.125,0.046875,0.13671875,0.3984375,0.9951075503700658
1000000000,41000000000,20000,1,0,0,0,0,0.25,0.1875,0.0625,0.125,0.375,3.076324462890625
1000000000,41000000000,20000,0,0,0,0,1,0.25,0.1875,0.0625,0.125,0.375,3.1730357177134523
1000000000,41000000000,40000,1,0,0,0,0,0.29296875,0.125,0.046875,0.13671875,0.3984375,2.9152683165015243
1000000000,41000000000,40000,0,1,0,0,0,0.29296875,0.125,0.046875,0.13671875,0.3984375,2.770703125
1000000000,41000000000,60000,0,0,0,0,1,0.3046875,0.1015625,0.09765625,0.1328125,0.36328125,1.9548152043269231
1000000000,41000000000,30000,1,0,0,0,0,0.29296875,0.125,0.046875,0.13671875,0.3984375,2.9883541944550305
1000000000,41000000000,60000,0,1,0,0,0,0.29296875,0.125,0.046875,0.13671875,0.3984375,2.460268082157258
1000000000,41000000000,60000,0,1,0,0,0,0.29296875,0.125,0.046875,0.13671875,0.3984375,2.298519650021115
1000000000,41000000000,20000,0,0,1,0,0,0.3046875,0.1015625,0.09765625,0.1328125,0.36328125,2.8198599466463414
1000000000,41000000000,20000,0,1,0,0,0,0.29296875,0.125,0.046875,0.13671875,0.3984375,3.3452899639423075
1000000000,41000000000,60000,0,0,1,0,0,0.29296875,0.125,0.046875,0.13671875,0.3984375,1.950087890625
1000000000,41000000000,20000,0,0,0,0,1,0.5,0.09375,0.09375,0.125,0.1875,3.1761583693484043
1000000000,41000000000,70000,0,1,0,0,0,0.29296875,0.125,0.046875,0.13671875,0.3984375,2.4345230594758065
1000000000,41000000000,20000,0,0,1,0,0,0.25,0.1875,0.0625,0.125,0.375,2.842189881859756
1000000000,41000000000,20000,0,1,0,0,0,0.25,0.1875,0.0625,0.125,0.375,2.219204184449749
1000000000,41000000000,70000,0,1,0,0,0,0.29296875,0.125,0.046875,0.13671875,0.3984375,2.274033005173142
1000000000,41000000000,20000,0,0,0,0,1,0.29296875,0.125,0.046875,0.13671875,0.3984375,2.169080187390734
1000000000,41000000000,80000,0,1,0,0,0,0.29296875,0.125,0.046875,0.13671875,0.3984375,2.2589705183699325
1000000000,41000000000,70000,0,0,0,0,1,0.29296875,0.125,0.046875,0.13671875,0.3984375,1.9255695476398602
1000000000,41000000000,20000,0,1,0,0,0,0.3046875,0.1015625,0.09765625,0.1328125,0.36328125,2.228520819481383
1000000000,41000000000,70000,0,1,0,0,0,0.29296875,0.125,0.046875,0.13671875,0.3984375,1.702086015181108
1000000000,41000000000,100000,0,0,0,0,1,0.29296875,0.125,0.046875,0.13671875,0.3984375,2.4661928157216493
1000000000,41000000000,40000,0,0,0,0,1,0.3046875,0.1015625,0.09765625,0.1328125,0.36328125,2.8970220038231385
1000000000,41000000000,90000,0,1,0,0,0,0.29296875,0.125,0.046875,0.13671875,0.3984375,2.406643775201613
1000000000,41000000000,90000,0,0,1,0,0,0.29296875,0.125,0.046875,0.13671875,0.3984375,2.760716488486842
1000000000,41000000000,80000,0,1,0,0,0,0.29296875,0.125,0.046875,0.13671875,0.3984375,2.9583270733173075
1000000000,41000000000,20000,0,0,1,0,0,0.5,0.09375,0.0625,0.25,0.09375,2.9078220274390243
1000000000,41000000000,60000,0,0,0,1,0,0.3046875,0.1015625,0.09765625,0.1328125,0.36328125,1.046084508239499
1000000000,41000000000,60000,0,0,0,0,1,0.29296875,0.125,0.046875,0.13671875,0.3984375,2.5354557627255154
1000000000,41000000000,40000,0,1,0,0,0,0.29296875,0.125,0.046875,0.13671875,0.3984375,2.0588604000443262
1000000000,41000000000,20000,0,1,0,0,0,0.3046875,0.1015625,0.09765625,0.1328125,0.36328125,2.175184273425444
1000000000,41000000000,20000,0,1,0,0,0,0.3046875,0.1015625,0.09765625,0.1328125,0.36328125,2.939453125
1000000000,41000000000,30000,0,1,0,0,0,0.3046875,0.1015625,0.09765625,0.1328125,0.36328125,2.599420362903226
1000000000,41000000000,70000,0,0,0,1,0,0.3046875,0.1015625,0.09765625,0.1328125,0.36328125,1.0259354935001266
1000000000,41000000000,80000,0,0,0,0,1,0.29296875,0.125,0.046875,0.13671875,0.3984375,2.8488283649416464
1000000000,41000000000,80000,0,1,0,0,0,0.29296875,0.125,0.046875,0.13671875,0.3984375,2.64755859375
1000000000,41000000000,30000,0,1,0,0,0,0.29296875,0.125,0.046875,0.13671875,0.3984375,2.121684189383865
1000000000,41000000000,40000,1,0,0,0,0,0.29296875,0.125,0.046875,0.13671875,0.3984375,2.998509724934896
1000000000,41000000000,20000,0,0,1,0,0,0.25,0.1875,0.0625,0.125,0.375,3.0909231085526314
1000000000,41000000000,100000,0,0,1,0,0,0.29296875,0.125,0.046875,0.13671875,0.3984375,2.1126883370535716
1000000000,41000000000,30000,0,1,0,0,0,0.3046875,0.1015625,0.09765625,0.1328125,0.36328125,2.127224969525709
1000000000,41000000000,100000,0,1,0,0,0,0.29296875,0.125,0.046875,0.13671875,0.3984375,2.401485320060484
1000000000,41000000000,20000,0,0,0,0,1,0.29296875,0.125,0.046875,0.13671875,0.3984375,3.084946912400266
1000000000,41000000000,20000,0,0,0,0,1,0.0625,0,0.0625,0.125,0.75,3.002675677360372
1000000000,41000000000,20000,0,0,0,1,0,0.0625,0,0.0625,0.125,0.75,1.4610639299665178
1000000000,41000000000,80000,0,0,1,0,0,0.3046875,0.1015625,0.09765625,0.1328125,0.36328125,2.740748355263158
1000000000,41000000000,40000,0,1,0,0,0,0.3046875,0.1015625,0.09765625,0.1328125,0.36328125,1.7817336573745266
1000000000,41000000000,90000,1,0,0,0,0,0.29296875,0.125,0.046875,0.13671875,0.3984375,2.8385416666666665
1000000000,41000000000,60000,0,1,0,0,0,0.3046875,0.1015625,0.09765625,0.1328125,0.36328125,1.9662274019217785
1000000000,41000000000,60000,0,0,1,0,0,0.3046875,0.1015625,0.09765625,0.1328125,0.36328125,1.838631591796875
1000000000,41000000000,20000,0,1,0,0,0,0.3046875,0.1015625,0.09765625,0.1328125,0.36328125,2.704889112903226
1000000000,41000000000,20000,0,0,0,0,1,0.29296875,0.125,0.046875,0.13671875,0.3984375,3.156257798103501
1000000000,41000000000,70000,0,0,0,1,0,0.29296875,0.125,0.046875,0.13671875,0.3984375,1.3441380092075892
1000000000,41000000000,90000,0,1,0,0,0,0.3046875,0.1015625,0.09765625,0.1328125,0.36328125,1.6776798132694128
1000000000,41000000000,20000,1,0,0,0,0,0.5,0.09375,0.0625,0.25,0.09375,3.1881239149305554
1000000000,41000000000,20000,0,0,1,0,0,0.5,0.09375,0.09375,0.125,0.1875,2.4990466889880953
1000000000,41000000000,20000,0,0,1,0,0,0.29296875,0.125,0.046875,0.13671875,0.3984375,2.5168340773809526
1000000000,41000000000,80000,0,1,0,0,0,0.3046875,0.1015625,0.09765625,0.1328125,0.36328125,2.4153619581653225
1000000000,41000000000,70000,0,0,0,0,1,0.3046875,0.1015625,0.09765625,0.1328125,0.36328125,2.7769629945146277
1000000000,41000000000,20000,0,0,0,0,1,0.25,0.1875,0.0625,0.125,0.375,2.837021660558956
1000000000,41000000000,60000,0,0,1,0,0,0.29296875,0.125,0.046875,0.13671875,0.3984375,2.077113560267857
1000000000,41000000000,70000,0,1,0,0,0,0.3046875,0.1015625,0.09765625,0.1328125,0.36328125,2.2758921030405403
1000000000,41000000000,20000,0,1,0,0,0,0.5,0.09375,0.0625,0.25,0.09375,2.6438697076612905
1000000000,41000000000,20000,0,0,0,1,0,0.29296875,0.125,0.046875,0.13671875,0.3984375,1.246301566058325
1000000000,41000000000,70000,1,0,0,0,0,0.29296875,0.125,0.046875,0.13671875,0.3984375,2.876800537109375
1000000000,41000000000,30000,0,1,0,0,0,0.29296875,0.125,0.046875,0.13671875,0.3984375,2.089379581404321
1000000000,41000000000,40000,0,0,0,1,0,0.3046875,0.1015625,0.09765625,0.1328125,0.36328125,1.3914664132254464
1000000000,41000000000,20000,0,0,1,0,0,0.5,0.09375,0.09375,0.125,0.1875,2.22947509765625
1000000000,41000000000,20000,0,1,0,0,0,0.0625,0,0.0625,0.125,0.75,3.4253305288461537
1000000000,41000000000,60000,0,1,0,0,0,0.3046875,0.1015625,0.09765625,0.1328125,0.36328125,2.4584882182459675
1000000000,41000000000,40000,0,0,1,0,0,0.29296875,0.125,0.046875,0.13671875,0.3984375,2.9045024671052633
1000000000,41000000000,90000,0,0,0,0,1,0.3046875,0.1015625,0.09765625,0.1328125,0.36328125,2.7447156540890956
1000000000,41000000000,100000,1,0,0,0,0,0.29296875,0.125,0.046875,0.13671875,0.3984375,2.7731598644721798
1000000000,41000000000,80000,0,0,1,0,0,0.29296875,0.125,0.046875,0.13671875,0.3984375,2.771073190789474
1000000000,41000000000,20000,1,0,0,0,0,0.29296875,0.125,0.046875,0.13671875,0.3984375,3.098560612376143
1000000000,41000000000,80000,1,0,0,0,0,0.29296875,0.125,0.046875,0.13671875,0.3984375,2.850621541341146
1000000000,41000000000,70000,1,0,0,0,0,0.29296875,0.125,0.046875,0.13671875,0.3984375,2.811028457269436
1000000000,41000000000,70000,0,1,0,0,0,0.3046875,0.1015625,0.09765625,0.1328125,0.36328125,1.9502940076462767
1000000000,41000000000,20000,0,0,0,1,0,0.5,0.09375,0.0625,0.25,0.09375,1.1821242112379808
1000000000,41000000000,30000,0,1,0,0,0,0.3046875,0.1015625,0.09765625,0.1328125,0.36328125,1.826974579782197
1000000000,41000000000,20000,0,1,0,0,0,0.5,0.09375,0.09375,0.125,0.1875,2.877734375
1000000000,41000000000,30000,0,1,0,0,0,0.29296875,0.125,0.046875,0.13671875,0.3984375,3.2042142427884617
1000000000,41000000000,70000,0,1,0,0,0,0.29296875,0.125,0.046875,0.13671875,0.3984375,2.6673828125
1000000000,41000000000,20000,0,0,1,0,0,0.29296875,0.125,0.046875,0.13671875,0.3984375,2.7322591145833335
1000000000,41000000000,60000,0,0,0,0,1,0.3046875,0.1015625,0.09765625,0.1328125,0.36328125,2.805086955618351
1000000000,41000000000,30000,0,0,1,0,0,0.3046875,0.1015625,0.09765625,0.1328125,0.36328125,2.3360537574404763
1000000000,41000000000,20000,0,0,0,0,1,0.3046875,0.1015625,0.09765625,0.1328125,0.36328125,2.1769029310533217
1000000000,41000000000,90000,0,0,1,0,0,0.29296875,0.125,0.046875,0.13671875,0.3984375,2.1142113095238093
1000000000,41000000000,70000,1,0,0,0,0,0.3046875,0.1015625,0.09765625,0.1328125,0.36328125,2.828264189929497
1000000000,41000000000,20000,1,0,0,0,0,0.5,0.09375,0.09375,0.125,0.1875,3.138916015625
1000000000,41000000000,90000,1,0,0,0,0,0.3046875,0.1015625,0.09765625,0.1328125,0.36328125,2.7976959972846798
1000000000,41000000000,20000,1,0,0,0,0,0.5,0.09375,0.09375,0.125,0.1875,3.2563883463541665
1000000000,41000000000,20000,0,0,0,0,1,0.29296875,0.125,0.046875,0.13671875,0.3984375,2.8242124577158507
1000000000,41000000000,40000,1,0,0,0,0,0.3046875,0.1015625,0.09765625,0.1328125,0.36328125,2.930691189236111
1000000000,41000000000,70000,1,0,0,0,0,0.3046875,0.1015625,0.09765625,0.1328125,0.36328125,2.8335774739583335
1000000000,41000000000,30000,1,0,0,0,0,0.29296875,0.125,0.046875,0.13671875,0.3984375,3.067840576171875
1000000000,41000000000,20000,0,0,1,0,0,0.25,0.1875,0.0625,0.125,0.375,2.4222819010416665
1000000000,41000000000,90000,0,1,0,0,0,0.29296875,0.125,0.046875,0.13671875,0.3984375,1.6785958030007102
1000000000,41000000000,90000,0,0,0,0,1,0.29296875,0.125,0.046875,0.13671875,0.3984375,2.839009952779484
1000000000,41000000000,20000,0,0,0,1,0,0.25,0.1875,0.0625,0.125,0.375,1.4638192313058036
1000000000,41000000000,40000,0,0,0,0,1,0.29296875,0.125,0.046875,0.13671875,0.3984375,2.8856855676529256
1000000000,41000000000,40000,0,1,0,0,0,0.3046875,0.1015625,0.09765625,0.1328125,0.36328125,2.76650390625
1000000000,41000000000,90000,1,0,0,0,0,0.3046875,0.1015625,0.09765625,0.1328125,0.36328125,2.8650970458984375
1000000000,41000000000,40000,0,1,0,0,0,0.3046875,0.1015625,0.09765625,0.1328125,0.36328125,2.3687463708826013
1000000000,41000000000,30000,0,0,0,1,0,0.3046875,0.1015625,0.09765625,0.1328125,0.36328125,1.4170052664620536
1000000000,41000000000,30000,0,0,0,0,1,0.29296875,0.125,0.046875,0.13671875,0.3984375,2.6945486167042527
1000000000,41000000000,30000,0,0,1,0,0,0.29296875,0.125,0.046875,0.13671875,0.3984375,2.6129557291666665
1000000000,41000000000,20000,0,0,1,0,0,0.3046875,0.1015625,0.09765625,0.1328125,0.36328125,2.487490699404762
1000000000,41000000000,40000,0,1,0,0,0,0.29296875,0.125,0.046875,0.13671875,0.3984375,1.78369140625
1000000000,41000000000,20000,0,0,1,0,0,0.5,0.09375,0.0625,0.25,0.09375,3.1907894736842106
1000000000,41000000000,20000,0,0,1,0,0,0.25,0.1875,0.0625,0.125,0.375,2.6530529203869047
1000000000,41000000000,30000,0,0,0,0,1,0.29296875,0.125,0.046875,0.13671875,0.3984375,2.956963202293883
1000000000,41000000000,20000,0,0,0,1,0,0.3046875,0.1015625,0.09765625,0.1328125,0.36328125,1.2460262900904606
1000000000,41000000000,80000,0,1,0,0,0,0.3046875,0.1015625,0.09765625,0.1328125,0.36328125,2.9461200420673075
1000000000,41000000000,20000,0,0,1,0,0,0.0625,0,0.0625,0.125,0.75,2.575160435267857
1000000000,41000000000,20000,0,0,1,0,0,0.5,0.09375,0.09375,0.125,0.1875,2.5106026785714284
1000000000,41000000000,20000,0,0,0,0,1,0.5,0.09375,0.0625,0.25,0.09375,2.2689695558347904
1000000000,41000000000,20000,0,0,1,0,0,0.0625,0,0.0625,0.125,0.75,2.28495849609375
1000000000,41000000000,20000,1,0,0,0,0,0.0625,0,0.0625,0.125,0.75,3.1490614149305554
1000000000,41000000000,70000,0,1,0,0,0,0.3046875,0.1015625,0.09765625,0.1328125,0.36328125,2.9790414663461537
1000000000,41000000000,80000,0,0,0,0,1,0.3046875,0.1015625,0.09765625,0.1328125,0.36328125,2.756159096575798
1000000000,41000000000,90000,0,0,0,0,1,0.3046875,0.1015625,0.09765625,0.1328125,0.36328125,1.909039690777972
1000000000,41000000000,30000,0,0,1,0,0,0.3046875,0.1015625,0.09765625,0.1328125,0.36328125,2.741056116615854
1000000000,41000000000,20000,1,0,0,0,0,0.5,0.09375,0.0625,0.25,0.09375,3.3022054036458335
1000000000,41000000000,20000,0,1,0,0,0,0.5,0.09375,0.09375,0.125,0.1875,3.312312199519231
1000000000,41000000000,20000,0,0,0,1,0,0.3046875,0.1015625,0.09765625,0.1328125,0.36328125,1.4458182198660714
1000000000,41000000000,20000,0,0,1,0,0,0.0625,0,0.0625,0.125,0.75,2.7244466145833335
1000000000,41000000000,100000,0,0,1,0,0,0.29296875,0.125,0.046875,0.13671875,0.3984375,2.3712565104166665
1000000000,41000000000,30000,0,0,1,0,0,0.29296875,0.125,0.046875,0.13671875,0.3984375,2.7881693025914633
1000000000,41000000000,90000,0,0,1,0,0,0.3046875,0.1015625,0.09765625,0.1328125,0.36328125,1.7468438720703126
1000000000,41000000000,80000,0,1,0,0,0,0.3046875,0.1015625,0.09765625,0.1328125,0.36328125,1.9299900384596835
1000000000,41000000000,100000,0,0,0,0,1,0.29296875,0.125,0.046875,0.13671875,0.3984375,1.8962709653627623
1000000000,41000000000,60000,1,0,0,0,0,0.3046875,0.1015625,0.09765625,0.1328125,0.36328125,2.8527608731897867
1000000000,41000000000,70000,1,0,0,0,0,0.3046875,0.1015625,0.09765625,0.1328125,0.36328125,2.905451456705729
1000000000,41000000000,20000,0,0,1,0,0,0.3046875,0.1015625,0.09765625,0.1328125,0.36328125,2.19297607421875
1000000000,41000000000,20000,0,0,1,0,0,0.3046875,0.1015625,0.09765625,0.1328125,0.36328125,2.66357421875
1000000000,41000000000,30000,1,0,0,0,0,0.3046875,0.1015625,0.09765625,0.1328125,0.36328125,3.0018064917587655
1000000000,41000000000,80000,0,0,1,0,0,0.29296875,0.125,0.046875,0.13671875,0.3984375,2.1418224516369047
1000000000,41000000000,20000,0,1,0,0,0,0.29296875,0.125,0.046875,0.13671875,0.3984375,2.241645542442376
1000000000,41000000000,60000,1,0,0,0,0,0.29296875,0.125,0.046875,0.13671875,0.3984375,2.84326171875
1000000000,41000000000,40000,0,0,1,0,0,0.3046875,0.1015625,0.09765625,0.1328125,0.36328125,2.6948837652439024
1000000000,41000000000,60000,0,0,0,0,1,0.29296875,0.125,0.046875,0.13671875,0.3984375,2.8951538985718672
1000000000,41000000000,90000,0,1,0,0,0,0.3046875,0.1015625,0.09765625,0.1328125,0.36328125,2.25080005542652
1000000000,41000000000,80000,1,0,0,0,0,0.29296875,0.125,0.046875,0.13671875,0.3984375,2.795925564236111
1000000000,41000000000,80000,1,0,0,0,0,0.29296875,0.125,0.046875,0.13671875,0.3984375,2.789387028391768
1000000000,41000000000,20000,0,0,1,0,0,0.5,0.09375,0.0625,0.25,0.09375,2.383730933779762
1000000000,41000000000,40000,0,0,1,0,0,0.3046875,0.1015625,0.09765625,0.1328125,0.36328125,2.864206414473684
1000000000,41000000000,40000,0,0,1,0,0,0.29296875,0.125,0.046875,0.13671875,0.3984375,2.3636416480654763
1000000000,41000000000,20000,0,1,0,0,0,0.29296875,0.125,0.046875,0.13671875,0.3984375,2.94833984375
1000000000,41000000000,20000,0,0,1,0,0,0.3046875,0.1015625,0.09765625,0.1328125,0.36328125,2.5057314918154763
1000000000,41000000000,40000,0,0,0,0,1,0.3046875,0.1015625,0.09765625,0.1328125,0.36328125,2.02682303048514
1000000000,41000000000,20000,1,0,0,0,0,0.3046875,0.1015625,0.09765625,0.1328125,0.36328125,3.231536865234375
1000000000,41000000000,20000,0,1,0,0,0,0.0625,0,0.0625,0.125,0.75,2.3848208203727816
1000000000,41000000000,60000,0,1,0,0,0,0.29296875,0.125,0.046875,0.13671875,0.3984375,2.6927734375
1000000000,41000000000,30000,0,0,0,0,1,0.29296875,0.125,0.046875,0.13671875,0.3984375,3.044146863482801
1000000000,41000000000,90000,0,0,0,0,1,0.3046875,0.1015625,0.09765625,0.1328125,0.36328125,2.8538389463682434
1000000000,41000000000,30000,0,0,1,0,0,0.3046875,0.1015625,0.09765625,0.1328125,0.36328125,2.06689208984375
1000000000,41000000000,100000,0,0,0,0,1,0.29296875,0.125,0.046875,0.13671875,0.3984375,2.833466101044226
1000000000,41000000000,70000,0,0,0,0,1,0.29296875,0.125,0.046875,0.13671875,0.3984375,2.869038049946253
1000000000,41000000000,30000,0,0,0,1,0,0.29296875,0.125,0.046875,0.13671875,0.3984375,1.1659602732793521
1000000000,41000000000,60000,0,0,1,0,0,0.29296875,0.125,0.046875,0.13671875,0.3984375,2.820877878289474
1000000000,41000000000,80000,0,0,0,1,0,0.29296875,0.125,0.046875,0.13671875,0.3984375,1.3346688406808036
1000000000,41000000000,100000,0,1,0,0,0,0.29296875,0.125,0.046875,0.13671875,0.3984375,1.9154459635416667
1000000000,41000000000,40000,0,1,0,0,0,0.29296875,0.125,0.046875,0.13671875,0.3984375,2.366847682643581
1000000000,41000000000,20000,0,0,1,0,0,0.25,0.1875,0.0625,0.125,0.375,2.322901611328125
1000000000,41000000000,20000,0,1,0,0,0,0.5,0.09375,0.09375,0.125,0.1875,1.8421260949337122
1000000000,41000000000,60000,0,0,0,0,1,0.29296875,0.125,0.046875,0.13671875,0.3984375,1.9467141744973777
1000000000,41000000000,40000,0,0,1,0,0,0.29296875,0.125,0.046875,0.13671875,0.3984375,2.3649088541666665
1000000000,41000000000,40000,0,0,1,0,0,0.3046875,0.1015625,0.09765625,0.1328125,0.36328125,2.2294108072916665
1000000000,41000000000,90000,0,0,0,0,1,0.3046875,0.1015625,0.09765625,0.1328125,0.36328125,2.4920006191607604
1000000000,41000000000,40000,0,1,0,0,0,0.29296875,0.125,0.046875,0.13671875,0.3984375,3.1324368990384617
1000000000,41000000000,80000,0,0,1,0,0,0.29296875,0.125,0.046875,0.13671875,0.3984375,2.638088319359756
1000000000,41000000000,40000,0,1,0,0,0,0.3046875,0.1015625,0.09765625,0.1328125,0.36328125,2.0553852919991136
1000000000,41000000000,60000,0,0,1,0,0,0.3046875,0.1015625,0.09765625,0.1328125,0.36328125,2.0020693824404763
1000000000,41000000000,20000,0,1,0,0,0,0.0625,0,0.0625,0.125,0.75,3.15654296875
1000000000,41000000000,90000,0,0,0,1,0,0.3046875,0.1015625,0.09765625,0.1328125,0.36328125,1.3321707589285714
1000000000,41000000000,20000,0,0,1,0,0,0.0625,0,0.0625,0.125,0.75,2.3488653273809526
1000000000,41000000000,20000,0,0,0,1,0,0.5,0.09375,0.0625,0.25,0.09375,1.4113289969308036
1000000000,41000000000,90000,0,1,0,0,0,0.3046875,0.1015625,0.09765625,0.1328125,0.36328125,1.921685489607446
1000000000,41000000000,70000,0,1,0,0,0,0.3046875,0.1015625,0.09765625,0.1328125,0.36328125,2.66640625
1000000000,41000000000,20000,1,0,0,0,0,0.5,0.09375,0.09375,0.125,0.1875,3.1512064119664633
1000000000,41000000000,90000,0,1,0,0,0,0.3046875,0.1015625,0.09765625,0.1328125,0.36328125,2.6375
1000000000,41000000000,30000,0,0,1,0,0,0.29296875,0.125,0.046875,0.13671875,0.3984375,2.464053199404762
1000000000,41000000000,30000,0,0,0,0,1,0.3046875,0.1015625,0.09765625,0.1328125,0.36328125,3.0591390173909705
1000000000,41000000000,80000,0,0,1,0,0,0.3046875,0.1015625,0.09765625,0.1328125,0.36328125,2.016078404017857
1000000000,41000000000,20000,0,1,0,0,0,0.3046875,0.1015625,0.09765625,0.1328125,0.36328125,3.3257587139423075
1000000000,41000000000,80000,0,0,1,0,0,0.3046875,0.1015625,0.09765625,0.1328125,0.36328125,1.9267926897321428
1000000000,41000000000,20000,0,0,1,0,0,0.25,0.1875,0.0625,0.125,0.375,2.73388671875
1000000000,41000000000,70000,0,0,1,0,0,0.3046875,0.1015625,0.09765625,0.1328125,0.36328125,2.616365758384146
1000000000,41000000000,20000,1,0,0,0,0,0.25,0.1875,0.0625,0.125,0.375,3.15087890625
1000000000,41000000000,90000,0,1,0,0,0,0.3046875,0.1015625,0.09765625,0.1328125,0.36328125,2.4058956023185485
1000000000,41000000000,40000,0,1,0,0,0,0.29296875,0.125,0.046875,0.13671875,0.3984375,2.5401099420362905
1000000000,41000000000,100000,0,0,1,0,0,0.29296875,0.125,0.046875,0.13671875,0.3984375,1.9971981956845237
1000000000,41000000000,80000,0,0,1,0,0,0.29296875,0.125,0.046875,0.13671875,0.3984375,1.879862060546875
1000000000,41000000000,60000,0,0,0,0,1,0.29296875,0.125,0.046875,0.13671875,0.3984375,2.7965378781582446
1000000000,41000000000,100000,0,0,0,0,1,0.29296875,0.125,0.046875,0.13671875,0.3984375,2.7283545960771276
1000000000,41000000000,20000,0,0,0,0,1,0.25,0.1875,0.0625,0.125,0.375,3.101484582779255
1000000000,41000000000,40000,0,0,0,0,1,0.29296875,0.125,0.046875,0.13671875,0.3984375,2.976146801097973
1000000000,41000000000,90000,0,1,0,0,0,0.29296875,0.125,0.046875,0.13671875,0.3984375,2.638671875
1000000000,41000000000,90000,0,1,0,0,0,0.3046875,0.1015625,0.09765625,0.1328125,0.36328125,2.932560847355769
1000000000,41000000000,60000,1,0,0,0,0,0.3046875,0.1015625,0.09765625,0.1328125,0.36328125,2.853000217013889
1000000000,41000000000,90000,1,0,0,0,0,0.3046875,0.1015625,0.09765625,0.1328125,0.36328125,2.8033582899305554
1000000000,41000000000,20000,0,1,0,0,0,0.25,0.1875,0.0625,0.125,0.375,2.5659542599239864
1000000000,41000000000,70000,0,0,1,0,0,0.3046875,0.1015625,0.09765625,0.1328125,0.36328125,1.9353259858630953
1000000000,41000000000,30000,0,1,0,0,0,0.3046875,0.1015625,0.09765625,0.1328125,0.36328125,2.083792980806327
1000000000,41000000000,90000,0,0,1,0,0,0.3046875,0.1015625,0.09765625,0.1328125,0.36328125,2.5924757050304876
1000000000,41000000000,100000,0,0,0,1,0,0.29296875,0.125,0.046875,0.13671875,0.3984375,0.9911447131199392
1000000000,41000000000,20000,0,1,0,0,0,0.5,0.09375,0.09375,0.125,0.1875,2.6289220010080645
1000000000,41000000000,20000,0,1,0,0,0,0.25,0.1875,0.0625,0.125,0.375,2.98623046875
1000000000,41000000000,40000,0,1,0,0,0,0.29296875,0.125,0.046875,0.13671875,0.3984375,2.0357289255401234
1000000000,41000000000,80000,0,1,0,0,0,0.29296875,0.125,0.046875,0.13671875,0.3984375,2.416771673387097
1000000000,41000000000,80000,0,1,0,0,0,0.29296875,0.125,0.046875,0.13671875,0.3984375,1.9309324440381206
1000000000,41000000000,80000,0,0,0,0,1,0.3046875,0.1015625,0.09765625,0.1328125,0.36328125,1.9174377868225525
1000000000,41000000000,30000,0,0,0,0,1,0.3046875,0.1015625,0.09765625,0.1328125,0.36328125,2.080636404611014
1000000000,41000000000,70000,0,1,0,0,0,0.3046875,0.1015625,0.09765625,0.1328125,0.36328125,1.9463414321711034
1000000000,41000000000,60000,0,1,0,0,0,0.3046875,0.1015625,0.09765625,0.1328125,0.36328125,3.0101412259615383
1000000000,41000000000,100000,0,1,0,0,0,0.29296875,0.125,0.046875,0.13671875,0.3984375,2.2456038191511825
1000000000,41000000000,100000,0,0,1,0,0,0.29296875,0.125,0.046875,0.13671875,0.3984375,1.849896240234375
1000000000,41000000000,80000,0,0,0,0,1,0.29296875,0.125,0.046875,0.13671875,0.3984375,2.7454584649268616
1000000000,41000000000,80000,0,0,0,1,0,0.3046875,0.1015625,0.09765625,0.1328125,0.36328125,1.0089768629807692
1000000000,41000000000,60000,0,0,1,0,0,0.3046875,0.1015625,0.09765625,0.1328125,0.36328125,2.789139597039474
1000000000,41000000000,60000,0,1,0,0,0,0.3046875,0.1015625,0.09765625,0.1328125,0.36328125,2.2968568544130066
1000000000,41000000000,70000,0,0,1,0,0,0.3046875,0.1015625,0.09765625,0.1328125,0.36328125,2.3396809895833335
1000000000,41000000000,80000,1,0,0,0,0,0.3046875,0.1015625,0.09765625,0.1328125,0.36328125,2.8074951171875
1000000000,41000000000,70000,0,0,1,0,0,0.3046875,0.1015625,0.09765625,0.1328125,0.36328125,2.0458984375
1000000000,41000000000,20000,0,0,1,0,0,0.5,0.09375,0.09375,0.125,0.1875,3.0984529194078947
1000000000,41000000000,20000,0,0,0,1,0,0.29296875,0.125,0.046875,0.13671875,0.3984375,1.449951171875
1000000000,41000000000,90000,0,0,1,0,0,0.3046875,0.1015625,0.09765625,0.1328125,0.36328125,2.2965494791666665
1000000000,41000000000,20000,1,0,0,0,0,0.3046875,0.1015625,0.09765625,0.1328125,0.36328125,3.112886754477896
1000000000,41000000000,90000,0,1,0,0,0,0.29296875,0.125,0.046875,0.13671875,0.3984375,2.249648635451858
1000000000,41000000000,60000,1,0,0,0,0,0.29296875,0.125,0.046875,0.13671875,0.3984375,2.9006144205729165
1000000000,41000000000,20000,0,0,0,1,0,0.0625,0,0.0625,0.125,0.75,1.2594181941105769
1000000000,41000000000,70000,0,0,0,0,1,0.29296875,0.125,0.046875,0.13671875,0.3984375,2.7675303357712764
1000000000,41000000000,80000,0,0,1,0,0,0.3046875,0.1015625,0.09765625,0.1328125,0.36328125,2.3125
1000000000,41000000000,100000,0,1,0,0,0,0.29296875,0.125,0.046875,0.13671875,0.3984375,2.9361853966346154
1000000000,41000000000,30000,0,1,0,0,0,0.29296875,0.125,0.046875,0.13671875,0.3984375,2.83271484375
1000000000,41000000000,30000,0,1,0,0,0,0.3046875,0.1015625,0.09765625,0.1328125,0.36328125,2.427173511402027
1000000000,41000000000,20000,0,1,0,0,0,0.25,0.1875,0.0625,0.125,0.375,1.9522552490234375
1000000000,41000000000,60000,0,1,0,0,0,0.3046875,0.1015625,0.09765625,0.1328125,0.36328125,1.975506288785461
1000000000,41000000000,20000,0,1,0,0,0,0.29296875,0.125,0.046875,0.13671875,0.3984375,2.531078441722973
1000000000,41000000000,70000,0,0,0,0,1,0.3046875,0.1015625,0.09765625,0.1328125,0.36328125,2.8839960121698405
1000000000,41000000000,20000,0,1,0,0,0,0.25,0.1875,0.0625,0.125,0.375,2.7579148815524195
1000000000,41000000000,60000,0,0,0,1,0,0.3046875,0.1015625,0.09765625,0.1328125,0.36328125,1.3549019949776786
1000000000,41000000000,20000,0,0,0,1,0,0.5,0.09375,0.09375,0.125,0.1875,1.2591073348937247
1000000000,41000000000,30000,0,1,0,0,0,0.29296875,0.125,0.046875,0.13671875,0.3984375,1.8296286843039773
1000000000,41000000000,100000,0,1,0,0,0,0.29296875,0.125,0.046875,0.13671875,0.3984375,1.6750668612393467
1000000000,41000000000,100000,0,0,0,1,0,0.29296875,0.125,0.046875,0.13671875,0.3984375,1.3289751325334822
1000000000,41000000000,80000,0,0,0,0,1,0.29296875,0.125,0.046875,0.13671875,0.3984375,1.909842111013986
1000000000,41000000000,20000,0,1,0,0,0,0.29296875,0.125,0.046875,0.13671875,0.3984375,1.9116419011896306
1000000000,41000000000,40000,0,0,1,0,0,0.3046875,0.1015625,0.09765625,0.1328125,0.36328125,1.978629150390625
1000000000,41000000000,60000,0,0,0,0,1,0.3046875,0.1015625,0.09765625,0.1328125,0.36328125,2.9092954593442877
1000000000,41000000000,20000,0,0,1,0,0,0.0625,0,0.0625,0.125,0.75,2.841332412347561
1000000000,41000000000,20000,0,0,1,0,0,0.5,0.09375,0.0625,0.25,0.09375,2.8076171875
1000000000,41000000000,20000,0,0,1,0,0,0.29296875,0.125,0.046875,0.13671875,0.3984375,2.6548897879464284
1000000000,41000000000,20000,0,1,0,0,0,0.5,0.09375,0.0625,0.25,0.09375,2.1867104388297873
1000000000,41000000000,70000,0,0,1,0,0,0.29296875,0.125,0.046875,0.13671875,0.3984375,2.791478207236842
1000000000,41000000000,90000,0,0,1,0,0,0.29296875,0.125,0.046875,0.13671875,0.3984375,2.630883193597561
1000000000,41000000000,20000,0,1,0,0,0,0.29296875,0.125,0.046875,0.13671875,0.3984375,2.71923828125
1000000000,41000000000,80000,0,0,1,0,0,0.3046875,0.1015625,0.09765625,0.1328125,0.36328125,2.5998832888719514
1000000000,41000000000,80000,1,0,0,0,0,0.3046875,0.1015625,0.09765625,0.1328125,0.36328125,2.8125
1000000000,41000000000,70000,0,1,0,0,0,0.3046875,0.1015625,0.09765625,0.1328125,0.36328125,2.4345703125
1000000000,41000000000,20000,0,0,1,0,0,0.0625,0,0.0625,0.125,0.75,3.0330489309210527
1000000000,41000000000,60000,0,1,0,0,0,0.29296875,0.125,0.046875,0.13671875,0.3984375,1.9683412151572146
1000000000,41000000000,100000,0,1,0,0,0,0.29296875,0.125,0.046875,0.13671875,0.3984375,2.63359375
1000000000,41000000000,80000,0,1,0,0,0,0.3046875,0.1015625,0.09765625,0.1328125,0.36328125,1.685140898733428
1000000000,41000000000,90000,1,0,0,0,0,0.29296875,0.125,0.046875,0.13671875,0.3984375,2.7785897603849086
1000000000,41000000000,20000,0,1,0,0,0,0.5,0.09375,0.09375,0.125,0.1875,2.11270292305652
1000000000,41000000000,20000,0,0,0,1,0,0.5,0.09375,0.09375,0.125,0.1875,1.4497201102120536
1000000000,41000000000,60000,0,0,1,0,0,0.3046875,0.1015625,0.09765625,0.1328125,0.36328125,2.6340867949695124
1000000000,41000000000,20000,1,0,0,0,0,0.0625,0,0.0625,0.125,0.75,3.190510075266768
1000000000,41000000000,20000,1,0,0,0,0,0.5,0.09375,0.0625,0.25,0.09375,3.2082311118521343
1000000000,41000000000,30000,1,0,0,0,0,0.3046875,0.1015625,0.09765625,0.1328125,0.36328125,2.992431640625
1000000000,41000000000,20000,0,1,0,0,0,0.5,0.09375,0.0625,0.25,0.09375,2.8953125
1000000000,41000000000,90000,1,0,0,0,0,0.29296875,0.125,0.046875,0.13671875,0.3984375,2.784152560763889
1000000000,41000000000,20000,1,0,0,0,0,0.29296875,0.125,0.046875,0.13671875,0.3984375,3.0733778211805554
1000000000,41000000000,20000,0,0,0,0,1,0.5,0.09375,0.09375,0.125,0.1875,2.2444974459134617
1000000000,41000000000,20000,0,0,1,0,0,0.29296875,0.125,0.046875,0.13671875,0.3984375,2.3592529296875
1000000000,41000000000,80000,0,1,0,0,0,0.3046875,0.1015625,0.09765625,0.1328125,0.36328125,1.9307696836214538
1000000000,41000000000,100000,1,0,0,0,0,0.29296875,0.125,0.046875,0.13671875,0.3984375,2.7814398871527777
1000000000,41000000000,80000,0,1,0,0,0,0.3046875,0.1015625,0.09765625,0.1328125,0.36328125,2.2588484480574325
1000000000,41000000000,90000,0,0,1,0,0,0.3046875,0.1015625,0.09765625,0.1328125,0.36328125,1.9992094494047619
1000000000,41000000000,20000,0,0,1,0,0,0.5,0.09375,0.09375,0.125,0.1875,2.845679306402439
1000000000,41000000000,60000,0,1,0,0,0,0.29296875,0.125,0.046875,0.13671875,0.3984375,3.0268179086538463
1000000000,41000000000,90000,0,0,1,0,0,0.29296875,0.125,0.046875,0.13671875,0.3984375,1.8599041748046874
1000000000,41000000000,40000,0,0,0,0,1,0.29296875,0.125,0.046875,0.13671875,0.3984375,2.01803396798514
1000000000,41000000000,20000,0,1,0,0,0,0.25,0.1875,0.0625,0.125,0.375,2.2763342891179077
1000000000,41000000000,20000,0,1,0,0,0,0.5,0.09375,0.0625,0.25,0.09375,1.8502483945904356
1000000000,41000000000,30000,0,1,0,0,0,0.3046875,0.1015625,0.09765625,0.1328125,0.36328125,3.218487079326923
1000000000,41000000000,40000,0,0,1,0,0,0.29296875,0.125,0.046875,0.13671875,0.3984375,2.52587890625
1000000000,41000000000,20000,0,0,1,0,0,0.29296875,0.125,0.046875,0.13671875,0.3984375,3.07861328125
1000000000,41000000000,70000,0,1,0,0,0,0.29296875,0.125,0.046875,0.13671875,0.3984375,1.9505779726285462
1000000000,41000000000,70000,0,0,1,0,0,0.29296875,0.125,0.046875,0.13671875,0.3984375,2.059779575892857
1000000000,41000000000,40000,0,0,0,1,0,0.29296875,0.125,0.046875,0.13671875,0.3984375,1.3835580008370536
1000000000,41000000000,20000,0,1,0,0,0,0.0625,0,0.0625,0.125,0.75,2.099789706143466
1000000000,41000000000,90000,0,0,0,0,1,0.29296875,0.125,0.046875,0.13671875,0.3984375,2.7341402094414895
1000000000,41000000000,20000,0,0,0,0,1,0.3046875,0.1015625,0.09765625,0.1328125,0.36328125,3.1675410540156634
1000000000,41000000000,70000,0,0,1,0,0,0.29296875,0.125,0.046875,0.13671875,0.3984375,2.42041015625
1000000000,41000000000,90000,0,0,1,0,0,0.3046875,0.1015625,0.09765625,0.1328125,0.36328125,1.925444103422619
1000000000,41000000000,40000,0,0,1,0,0,0.3046875,0.1015625,0.09765625,0.1328125,0.36328125,2.46923828125
