lr_intercept,lr_coefN,lr_coefD,bs_intercept,bs_coefD
1.326793425765449,-0.7384425569030296,0.2982972637250051,-1.2815807885614934,0.6025624244893565
1.248073316776357,-0.725173508022265,0.28977543701806807,-0.5384911188505086,0.5705314353546197
0.5580022951061592,-0.722434335281638,0.31709582046811335,-0.7581301614168687,0.5798411707192512
0.9780596302557454,-0.7125325191450457,0.2915556799702376,-0.5150763316981433,0.5695537699424631
0.9534878578213206,-0.7025581427058464,0.2842327083996148,-0.6604741895327546,0.5763229275407595
1.0186092271111642,-0.6937204487876926,0.2719420600048699,-0.31202492442384155,0.5599224652106151
0.005837824845661643,-0.7031206056307405,0.32348539992312947,-0.8665923173881005,0.5855986567782331
1.2440292560383321,-0.715342849318182,0.27966310719591914,-0.31483158869603045,0.5601952004683988
0.49337137382068175,-0.7613721163615657,0.35322717058572084,-0.7514661475280686,0.5787826309574403
0.9304042813984177,-0.7177039879793119,0.29746664937254785,-1.0517280966286986,0.5914351170399116
1.3830765945029109,-0.7424927886953905,0.29734525915458504,0.2493817053475187,0.53750352984392
-0.3796231149553764,-0.6800424425331396,0.32014040194708054,-0.6716862630305602,0.5764707482438318
0.34887344226077666,-0.7304068687495172,0.33364545044383004,-0.6112878095334757,0.5739058668636662
1.5372580992911358,-0.777191576728275,0.32130516790616775,-0.5267129365532064,0.5703994507512246
0.8267111668346372,-0.7211102296890964,0.3031160852872139,-0.5511587543995233,0.5705975665217478
-0.09564276396901494,-0.6548831956723491,0.2876159005994114,0.41476317529562934,0.5301980174467913
1.0711739044195374,-0.7263106277574217,0.2983236055521171,-0.8505076270642569,0.5846831303164329
0.17766355833964198,-0.655378427886278,0.2765834986812258,-0.2504377533524611,0.5579714126319035
0.25249349863379233,-0.6925905398713867,0.30501605532297366,-0.5017743979711877,0.5698173511248482
0.793691250815785,-0.7017161420504926,0.29087925471160864,-1.080255064710144,0.5939914033819379
0.35505907997303154,-0.7375198442892937,0.33742386915829725,-0.38732310051669927,0.56458846007975
1.0180683157006776,-0.705766214525171,0.28441479723421037,-0.8772225945484422,0.5850407762347637
0.8578341348624621,-0.7341545619104041,0.3157557160379772,-1.1442200440163415,0.5974743012311794
0.6363318586123512,-0.6999336567927775,0.2953935768553683,-0.4317140278669811,0.5666216259252453
0.7364669360281892,-0.7210019496693254,0.30736452338739745,-0.0018130210303439753,0.5472690627171974
0.40370057847487395,-0.7265898926377842,0.3265257381315311,0.4158704017285899,0.5311292039097012
0.7983144567487557,-0.730050137189837,0.3131711231022205,-0.15096368711595964,0.5539141352714145
0.3570206132366325,-0.7195757066313925,0.32342516236046964,-1.1424942113335543,0.5949509168942643
1.5059051190820307,-0.7413309696218965,0.2925326493058156,-0.6293265085712054,0.5751015846632688
1.2822526459512549,-0.7173167427854494,0.28206397703045905,-0.20772335647295748,0.5572591960762323
-0.20972415519469045,-0.6973080557374467,0.32863222656696933,-0.606965191648575,0.5760270793738157
0.5872225776589763,-0.7113496548690337,0.30654619567852776,-1.0317909622574604,0.5917169704234838
1.2942285015566668,-0.7301456303836577,0.29205461036959224,-0.4851627900780855,0.5683218344054416
0.8539914699533204,-0.7375058440629678,0.3171189528527327,-0.9331468711702673,0.5863498866151818
1.0513267320453838,-0.7355158659169778,0.30735904833091804,-0.21751171486368293,0.5559278561782345
0.22893709945809881,-0.6918833606946848,0.30564744850638276,-0.19128843891749092,0.5552101805842865
0.2935412303259035,-0.6622820683760534,0.2781298452344455,-0.3768017194686024,0.5644663245738771
0.5221030805023226,-0.7269668872700672,0.32087819152543073,0.5857922794332211,0.5228351475617642
0.9827466634131428,-0.714912584362357,0.2912730419227628,-0.457811239470038,0.5674946576609355
-0.11862732824704292,-0.7028517471942671,0.32988585506370005,-0.8468973412331113,0.585702710725127
1.2307198515715987,-0.739107798865819,0.302679752471084,-1.1308141191713226,0.5949941590836813
1.2935358906703227,-0.7251536223407095,0.286056898428352,0.5869429512934641,0.5235151730063109
1.8213059889667127,-0.78686092124994,0.3181284548892579,-0.7690608827286916,0.5796168095820083
0.931602135632958,-0.7578821357579112,0.33121879064718607,-0.6549957283903005,0.5755017348996684
0.9387679202656702,-0.7292523547264304,0.30749344128782596,0.040582531155502366,0.5467928018656965
-0.7734177624128629,-0.7040606463257424,0.35793164788092824,-0.46405066821466256,0.5692836286265287
0.20132650526491247,-0.6906195656035844,0.30450877708424473,0.01097868771332422,0.5466355047580622
-0.04878817840264116,-0.6816052599459144,0.3085158887223994,-1.1078524083560453,0.5936512202209235
1.1554925837822942,-0.7211831499605533,0.2914573289486827,-0.970371269791654,0.5915526442292373
0.7222607672398507,-0.7277245484398196,0.3140385713027427,-0.6637194942945044,0.5749074655903234
0.819987221825305,-0.7345547185446254,0.31675589899334566,-0.8915267329548442,0.5857336468713036
0.9971013579818981,-0.7283531061977262,0.302793209946908,-0.2230455937030822,0.5573605171384168
0.599272926813545,-0.732953493113446,0.3244292571074005,-0.5512158383263586,0.5719276685823284
1.573844755387908,-0.7191816741754353,0.2712562096161683,-0.3112659186919853,0.5615238178329601
1.046147464029044,-0.7158469986512036,0.29106371882109505,-1.0327063433773507,0.5928152267103612
1.7716983248546718,-0.7690626204823219,0.3035568723886627,-1.0998993370652759,0.5942063358105766
-0.45484467360993897,-0.7024772072714011,0.34269862012663116,-0.7246972406629872,0.5808411708330886
1.077009477668847,-0.7213335531613718,0.2936571759443156,0.06159108370640887,0.5453807678331184
-0.31438019413361484,-0.6795316738102267,0.3172889730784269,0.0574209640548915,0.5453825429646415
0.6859545426939295,-0.6838157919286034,0.2779783090781761,0.6676910954705306,0.5180727933386315
0.11517597165125082,-0.7044564605737514,0.32091491902857056,-0.946317041235277,0.5870447830573953
-0.03834260131883305,-0.7326004041157905,0.34904878068787043,-0.33281707533402205,0.5627224501924147
0.4512962139001875,-0.7374249713641448,0.3329211944168565,-0.7129824890684429,0.5772646138025882
0.719389582103223,-0.710496028231233,0.3005321804519285,-1.1599242125602114,0.5983047544018674
0.4837175903896105,-0.7203118143422833,0.3181471287861964,-0.7669847343136613,0.5805090630663154
-0.4940243143885983,-0.6558972232464412,0.3057021640526947,-0.4044293119290945,0.5648914021850702
-0.465054283589601,-0.6771706859252021,0.32259369607137806,-1.0640298964854118,0.5923408734651604
0.9656420374574006,-0.7494066262375984,0.32182527549431844,-0.27908041297267694,0.5604767757571777
1.0015412271968316,-0.7459181383384167,0.3178600367855978,-0.826978510346212,0.5828967047761012
0.6369340789733808,-0.6962810831565451,0.2912475146071032,-0.6403275160047048,0.5751571636866499
1.7646161659173503,-0.7439562761026001,0.2823952398752075,0.4626213569934663,0.5273640542045398
0.7833572702573832,-0.7121866568282015,0.2982190826010788,-0.6977328258509985,0.5758372222116893
0.4002347005888254,-0.7175491224447924,0.3188968233539089,-1.078598353257533,0.5956089745782522
0.49649115436999836,-0.7076954364991447,0.3077448036663664,-0.7846010186670398,0.5821861524436752
-0.1652376433698226,-0.6976265455978368,0.3284488756217645,-0.621699234672132,0.5745499997699974
0.9586219475529978,-0.7393431190113507,0.3142806775911495,-0.9372215035292779,0.5887132049287714
0.6351462448183511,-0.6960159715334978,0.29287287775585286,-0.3099302386925942,0.5618473235829455
0.6043494361808532,-0.7337388107641342,0.32372323056240376,-1.0107199588280835,0.5909638231507091
0.594024799135993,-0.7121001689180946,0.3065419190101894,-0.2733751634859125,0.5589495742354696
0.2701095321142528,-0.6832522964323218,0.2961552505940969,-1.291341362571318,0.6038777304967832
1.7474385521059466,-0.7959914766043403,0.32786507720074226,-0.5100565542913174,0.5706979825233834
0.4889947964252199,-0.6775853506005208,0.2827399150828567,-1.2579819860386845,0.6008652657034798
0.44474012456137135,-0.6840620525653172,0.29006405421964915,-0.7484078355253647,0.5808578976530782
-0.2495788833728092,-0.6828558898401201,0.3184624177068528,-1.8159708317178787,0.624418705486453
-0.2852587819896648,-0.6312150411621201,0.27754614622475415,0.27517262823622346,0.5362770323426337
1.6328951186136385,-0.7474204108187841,0.2922232215792354,-0.1302365729173509,0.5513739347523238
1.2142042053519164,-0.738457833563728,0.30082612129762487,0.14679485912715862,0.540479451544771
-0.6240757806528858,-0.6444234709074508,0.3009900248574231,0.1553737573577223,0.5426622610094634
1.3905706252455659,-0.7026798000195511,0.2649405496373516,-0.12259517127454878,0.552432189095008
0.8867423910184087,-0.7036402902137775,0.28728693204458267,-0.18560535311851645,0.5538762463750474
0.6582729608405717,-0.6859155621078362,0.2839295699147965,0.3329776961940798,0.534397587212947
0.04058126501053838,-0.7026129690006772,0.3211453279215242,-0.9379584343419758,0.5892763335203484
0.3960112466300192,-0.7186662447564061,0.32019394171892157,-0.9484220931626908,0.5872790829929763
0.7404727143961134,-0.7228463339953372,0.3093482001701229,-0.3024953642108752,0.5624003486527611
1.082019518829024,-0.704549132481941,0.27990548203242116,-0.6757221377722775,0.5757021940409627
0.46033669893828577,-0.6888392655861694,0.29326454566473104,-0.43755064553518075,0.5657675296981775
-0.1144613330147255,-0.6738029591893988,0.30469064964938364,0.0447716514078671,0.5461951439874547
1.6493695287777639,-0.7424640525560613,0.2881257827736586,-0.011057099329002895,0.5483681865878927
1.0601880308487148,-0.6839556651528681,0.2623298297686398,0.21702027521728695,0.5380929795077607
-0.007565798278308833,-0.6833289061803116,0.3081296936973123,-0.3607130337832647,0.5614901674570474
0.9349587361719021,-0.7270616284041975,0.30384564187594004,-0.4032452492048879,0.5654242489926976
0.7288430304306166,-0.6944910087966718,0.28668466462585646,0.030132013169923866,0.5467820142702335
0.8023072314635771,-0.6918489076198976,0.28127894805545633,-0.7435632122747915,0.5787703036328662
1.0984197428996545,-0.722190894082496,0.29265290433801844,-0.6792201932288418,0.576337313093917
0.4095696181298223,-0.7262248431674931,0.32608136688224404,-0.4853417496252792,0.5686744981126488
1.4130061498980675,-0.7296207133917404,0.2846558607999139,-0.44839357531046176,0.5669971505398375
0.7185382808624157,-0.7094986323312591,0.30008416503127033,-0.9905423058057341,0.5907589524575816
0.5054368454087719,-0.7448838517803297,0.3363441473884771,-0.6451072652324683,0.5745413121494478
0.5924923268613425,-0.7393834402204101,0.329449266513742,-0.15525369562017133,0.554307491501297
0.2701876351512569,-0.7115882723988903,0.31937861302157,0.07136709605577707,0.5453279952938379
0.7243295837922306,-0.6986743062339031,0.29156943471563707,-0.941530597105146,0.589423977798129
-0.010100597571048198,-0.7110786928490488,0.3332033509373865,-0.46403789352725155,0.5672668911060951
0.05659102424597773,-0.6946366792152369,0.3130298377281181,-0.9938295942836763,0.588279559782535
0.5124851882408619,-0.7019522749107934,0.30211277039169426,-0.9787685511311679,0.5912805084993892
0.34771718480735103,-0.7052859997795312,0.31126071968638014,-0.6753570100693018,0.5767845803791992
2.288136485272381,-0.7508839104410545,0.2673313495536447,-0.9273417760123621,0.587893079929589
1.8773119366031743,-0.7700083119425615,0.301023277898715,0.17522247709865013,0.5390988858383694
-0.9238682464900148,-0.6758874699747894,0.339596245413719,0.31333611043139875,0.5348603536563099
0.7713254053752996,-0.7381475042488034,0.32041349917809686,-0.7491738751500634,0.578780066011424
0.3123555350708864,-0.6576563010857487,0.2731255079389614,0.3213812019338995,0.5340369311239004
0.5805034262063531,-0.710588695766122,0.3061435156781289,-0.7685031543073464,0.580790965289745
0.866538031690177,-0.7221780233919342,0.3023427784931325,-0.9075342674361515,0.5843969904460887
0.5872796820966864,-0.698397964654389,0.29607590403314177,-0.14226436432478273,0.555020781743489
-0.24130650276787602,-0.6999383760229084,0.3312974308382118,-1.2788785729011032,0.6034344824495048
0.8797006457270706,-0.7586460397431849,0.3324461819861457,-1.0876938542746224,0.5941111394625106
0.08768414400095637,-0.7055988393536805,0.3230885001995251,-0.8396117365602969,0.5853681056555989
0.8533211331426456,-0.6983610147512005,0.2844753135334907,0.19716976685118048,0.5401603217903528
0.4364942795341875,-0.6865516194610507,0.2910783874613228,-0.596836874436983,0.5726199311967647
-0.9015548743909232,-0.6955902587468529,0.3572018209820987,-0.6520463957043656,0.5759940696823098
0.6070634193757458,-0.6799579758594985,0.2802928080620931,-0.7493066622078892,0.5800724630263892
-0.5138130056908903,-0.650714216917896,0.3011249218203553,-0.7185140343926602,0.5780424868410147
-0.08157038242540793,-0.692219101220579,0.31663459673749605,-1.3268867836679732,0.6036322231524478
0.05446861984724283,-0.6986819533799864,0.31684501501229567,-1.0364540854836868,0.5920310389755561
0.870488413692402,-0.7079057635991737,0.2910173830587772,-0.8434293043450047,0.5833209596332983
1.4176672659071254,-0.7730661769721215,0.32399839704773026,-0.6073698911832022,0.573252558168025
1.10364603950344,-0.7146633566789896,0.2877221698030396,-1.003952111696508,0.5928086374462387
1.7353208029884177,-0.7404534599568344,0.28289423568885197,-0.06006097067673544,0.5511660829786869
0.5241311376649112,-0.7141144485604893,0.3126196808920127,-1.217440204777878,0.6001413355549203
1.0874064090273992,-0.7399488713962057,0.30918142412104355,-1.2378200410396385,0.5993831233943506
0.4143582346467234,-0.694849051415216,0.2990989695234521,-1.0886194013575352,0.5936930340595975
0.9564326271534913,-0.7062063059192011,0.28437133065601694,-0.2154290684121154,0.5584893575284751
1.3309571880959092,-0.7190590718843828,0.28109127329804806,-0.6500550763433157,0.5753067286997079
0.5765660647868414,-0.7041235641211387,0.29933479191026213,-1.1054746345626913,0.5950925146295258
0.0746323517019869,-0.7201140332302214,0.33564243195283444,-0.6544199273109079,0.5756999121159732
-0.1863204918282646,-0.7128944543100627,0.34101384599494816,-0.9400256242540852,0.588015335624493
0.4972337549537027,-0.6797179463057773,0.2824806023905412,-0.5697777654195306,0.5707590457117022
0.7236871302219292,-0.7002466795509565,0.29155417007402273,-1.1759902248536136,0.5984286441596042
-0.3605887712292448,-0.6682354190296145,0.3108854202844507,-0.6549226989204229,0.5745674122075144
1.4254526638075138,-0.7622656488292584,0.3130733935208187,-0.601971511159336,0.5749018218162676
-0.2584761302037277,-0.6871945971010932,0.32123989791688035,-0.8481489899398706,0.5841172001444546
0.304846224925555,-0.733278100438479,0.3366556318138662,-1.0229397139631455,0.5923851426212141
-0.1046189420855761,-0.6869601188746706,0.3151772033612184,-0.9311589988305133,0.5855953079214867
0.10164000874562973,-0.6739924293588474,0.29523664886858353,-0.08099260061775482,0.5509915821084326
0.40597894072616736,-0.7071118748190867,0.3116282575642201,-0.805972758228938,0.5836299198981943
1.6281818119439517,-0.7412321910599384,0.2854338353799473,0.10662647450987883,0.5428678715669878
0.42222695403282806,-0.7104877434306294,0.31112109435140756,-0.5079344345871561,0.5690404844294809
1.3258299760686745,-0.7283090948731167,0.28882567603030396,-0.43146275949326096,0.5659165994407421
1.3266804154764094,-0.7797238294308553,0.3333013583813047,-0.720213209002825,0.5802894851475409
0.70470478661258,-0.7417577254053983,0.32720456476086845,-0.8031554522843578,0.5836695787028849
0.344568765370985,-0.67927494977889,0.2888391442391718,-0.34332011082683955,0.5609332969247844
2.1474905096838617,-0.8122094011529134,0.32519018417495577,-0.7133839223425564,0.5779538996552572
0.08824227193130074,-0.6760329811688564,0.29786221050373773,-0.4479407846225065,0.5673956209464297
1.0898661856321246,-0.7256744862703783,0.29810159544163084,-0.4335427307152102,0.5658688992805758
0.3051237534551925,-0.7045125254920854,0.31263126973509336,-0.5998674101521946,0.574990668682812
-0.9470008093916578,-0.6732424604739838,0.34062960069687026,-1.018786844810755,0.5918279805865013
0.6730529798373892,-0.6957261058221363,0.2900338069377724,-0.062384872963844984,0.5497701433987277
0.5152476929666792,-0.6671698559120152,0.2726543371141743,-0.23625408710757334,0.5585279032229256
0.2944479340041921,-0.6413885954439132,0.25886597982663934,0.3190298550870594,0.5329364959724007
1.1422540394377867,-0.717143779694092,0.28739633348487953,-0.3954254657271381,0.5641617697946094
0.7167423381606373,-0.7331520530815313,0.3186593547529353,0.10352728386862076,0.5433596132622849
0.387326069716865,-0.7087488019890944,0.31288343707737004,-0.7162298341546407,0.5783836542460689
0.3504734558029359,-0.7141948834102128,0.3195939802777794,-0.847417089075325,0.5842002767840742
-0.25429673887080284,-0.7191843761184303,0.3483345784482142,-0.9853060436100645,0.5904500276398624
1.1438402381574537,-0.7322801775998575,0.2998964032265492,-0.05937833809434423,0.5502807010561225
0.08528370706186283,-0.676451693255557,0.29803613421023545,0.14449776616473464,0.5412881637043157
0.8695420838595052,-0.7272762260542134,0.3094769293824339,-0.1906556351426243,0.5562745214631545
0.5418822777798855,-0.7283329408794962,0.32314002306819445,-0.4540055912462826,0.5665493355902605
1.1095796877278774,-0.7588145906731925,0.3238485618174818,-0.15232787790208668,0.5539840467822053
0.6890039831182282,-0.7176045657408094,0.3081340509866755,-0.3420817780429317,0.5624224285667964
1.6548103996903274,-0.7429360782362407,0.2872173277259794,-0.3829635258627295,0.5629356700497163
-0.3525673260846762,-0.6824506710212433,0.32204016004229763,-1.5233498276250153,0.6130669838170077
0.782151336838175,-0.7257259561997246,0.3091561923203595,-0.29181570857992867,0.5591214910419932
0.16645986003518587,-0.71167867536075,0.32402547637425927,-0.504523630446915,0.5697226320808091
0.305315164957749,-0.7230228258210967,0.327943854647774,-0.20287554042297806,0.5573503913872282
1.9001385679739338,-0.824227349339468,0.3451931180035557,-0.7146031869427798,0.5791695672807609
-0.2446029920361248,-0.6903804995381143,0.3244109017959433,-0.3228696716624384,0.5608054716927898
0.15880945319729012,-0.6722856046046013,0.2918850275280786,-0.515360186872849,0.5704708688301233
1.4531905272239491,-0.7493828771947415,0.30158328676850676,-0.07498230880291779,0.5513972149397721
-0.04903820505654277,-0.6764267335031677,0.30194019103660924,0.03521572042019194,0.546379404445863
0.4898833562609539,-0.703885211556282,0.30366877433321965,-0.4484516523131372,0.5677031830787234
-0.7339199398169045,-0.6653083376238739,0.32459763062177593,-0.3339236020537868,0.5621746002710226
0.3454548537982438,-0.6902245169150992,0.29872650138261025,-0.6560806822126857,0.5745678453597727
0.569954788775612,-0.723561935075961,0.3164319347116253,-1.4864791410864289,0.6098380085714045
1.0148762904815332,-0.7200570363518779,0.29597969040512234,-0.5527262415012224,0.5700322054877434
1.1829576661596235,-0.709484956868663,0.27698638137334025,-0.5865823831588965,0.5718221194042382
1.352435686211523,-0.7689920493598141,0.3221661647693997,-0.25552985436875275,0.5593647479491867
0.4617781409130508,-0.6936211492651464,0.29657910161807133,-0.3248758377510885,0.5615213759101987
-0.14176333408206165,-0.7006867620998225,0.32769913521947,-0.1878575867854284,0.5576243094163441
1.3528031710568147,-0.7586757518378873,0.3118658311122228,-0.7911912883194443,0.5813172466697352
2.1568480920864124,-0.7784543143508091,0.29513413762836715,-0.11445851851145328,0.552151645872884
0.4239178731486861,-0.7220029241374772,0.32198348803980104,-1.0346146020216036,0.5919845991781283
-0.2602358437633683,-0.6934031621347898,0.3286156112568264,-0.6937932677499123,0.5781294756461012
0.3494504041337727,-0.7109509336469385,0.3162887450034987,-0.6050440926472334,0.573475074000086
0.9076412595950742,-0.7426104304484804,0.319805355473341,-0.3571496266183356,0.563094816110626
0.10122429994524129,-0.7156160675373492,0.3313853604555798,-0.6160315746630705,0.5751973418405354
0.10284764698392834,-0.6984140938000234,0.3155162737438375,-0.8256033821963182,0.581925275600673
0.09493648419730061,-0.676653385430478,0.2967000014586263,-0.7060778938001651,0.5778083061110091
0.7810108452381037,-0.7616197116359867,0.3395850236263132,-1.7851928149359395,0.6220800061465367
0.6038609021004495,-0.7108315267400023,0.30636562883626023,-0.3844291283938066,0.5649000420553557
1.4461951728520308,-0.7126238386330891,0.2699387846962893,0.2498148371596134,0.5373948117586104
0.9186251703021746,-0.7411652953679043,0.3164508440904203,-0.8945067023552848,0.5856977875736625
0.02449105248582306,-0.7108365323066029,0.32843247860203945,0.5036685899380586,0.5261299248051777
0.6435221068064259,-0.6952423721260846,0.28851316589520215,-0.3816734656298575,0.5621302694790101
0.3587307435681675,-0.7205750559507508,0.3237810144092365,-0.8964189546292012,0.5867539711570204
-0.1300917899584677,-0.6751293068203684,0.3069517134841573,-0.5627025757189426,0.571965690416256
1.993561840249514,-0.759132406752338,0.2883766439667178,0.0012616281817106056,0.546180070317216
0.9185990417709586,-0.6939805264292831,0.2766812663681726,-0.26351654696075677,0.5584821707286309
-0.6844165213849642,-0.6455492481804678,0.3049742476496507,0.0877012123398746,0.5427281742735555
1.4448808671508395,-0.7451922669782524,0.2980188495139687,-0.7554866982778208,0.580342954872152
1.606243921366337,-0.7390338017896242,0.2845596040683621,-0.05299399539542371,0.5493798747127753
0.11496512709762108,-0.6809434756922695,0.3000460499314262,-0.6113664966632033,0.5708719802919692
-1.1177129430812656,-0.6561077757583856,0.3328049836410791,-0.5311502262695562,0.5708399616337041
0.7266167269231119,-0.6928866378098909,0.28497017019256216,-0.22424971641842006,0.5571278023548094
0.3558680040323061,-0.7058971596432788,0.3090767702769724,-0.35971743920220156,0.5618530604507314
1.0487280565831343,-0.7253047727360058,0.2991006731955394,-0.13460539626757573,0.5529153650828248
0.1584356961536093,-0.6572754659142761,0.27819761390164366,0.002021734146330445,0.54723380014883
-0.0159468766230928,-0.71203296221947,0.333078870994727,-1.1543040218801597,0.5964173717757343
1.2643139023893673,-0.7354166762601425,0.2978546060972754,-0.2724015975918004,0.5593138360811208
1.1897562346664463,-0.7212848063194789,0.2878979067366836,0.4412762456463817,0.5285038385395321
1.38892225447655,-0.7632750124639942,0.31486824285422677,-1.1836949552913794,0.5977906884765923
0.7525244006913683,-0.7214954518553677,0.3078576585447822,-1.40567215999768,0.6084958560923566
0.6975830514218098,-0.7183078218362752,0.30809383649096966,-0.9901751054891861,0.5901149010081739
0.07469884632052448,-0.6822692241572834,0.3028848497848672,-0.469444553248362,0.5670685630740491
1.4628625180019244,-0.7477081455065591,0.3008637469207637,-0.29697573762240026,0.5605161757422261
-0.22743626262746286,-0.6639817147358786,0.3025982205885095,-0.10086414171698799,0.5522231161388047
0.17299858636852328,-0.6698794729651398,0.28982634897967835,-0.5751543686057214,0.5728050237028492
0.24766517141767252,-0.7087965383224039,0.3175972970940024,-0.36447098018109436,0.5627206634139715
1.016732494629724,-0.7212244540712754,0.296873026623732,-0.3441084929981333,0.5625741882605318
0.6744134593961641,-0.7021090469795476,0.294278405916229,-0.2141152046713639,0.5567891415146661
0.8561878020242686,-0.6806556184870989,0.268003748773335,-0.40784089894617104,0.5645496067867793
1.279527872476593,-0.7821882355003874,0.33521931141069716,-0.814759738862529,0.5832799554281106
0.18852589221576288,-0.723326003807109,0.33491772329208097,-0.40785837610102504,0.5646584852697952
0.8654744664493839,-0.7289902445585126,0.30862547163688964,-0.17557205591741187,0.5566120096573081
0.6585265552911119,-0.742185320555992,0.32893946440029553,-0.03531755966075423,0.5496864496392296
0.2931733238949823,-0.6682775311212229,0.28154851009393356,-0.16216061885905475,0.5540480565930118
1.3158957127917832,-0.7405747579390669,0.30085328193434147,-0.7988023995389959,0.581049650560741
0.5540755930839003,-0.7191220718754239,0.31362291492553823,-0.46194343489650436,0.5673567631376514
1.710503263467185,-0.7577210874589484,0.2983651751431263,-1.0147501570421582,0.5909342282714931
0.4391394816168406,-0.7455611983156762,0.3419508285433,-0.034701900365547544,0.5489126768325139
1.6052526486581637,-0.7660601792412691,0.3094178168886887,-1.4787069538913364,0.6116714573004354
1.000830302680737,-0.739034971454881,0.31237571252391694,-0.34323942550503617,0.5641297376905753
0.19508278025902825,-0.6913429224535044,0.30584029768381266,-0.5962212763963901,0.5738453870349375
1.107173045615288,-0.6946013179382368,0.27062683541169097,-0.9644016337004917,0.5893549418585037
0.03642688091391566,-0.6840129491698028,0.30591851684881893,-0.09305558543681158,0.5515624192396045
-0.013305305779031329,-0.7074758031293201,0.32743977029319893,-0.8583659944216198,0.5828964402622159
0.8230357145092047,-0.6982972344798076,0.2848732496657935,-0.6644359536897948,0.5744747779239788
0.5280151477762729,-0.6935542659296862,0.2926828381979726,-0.305189300607843,0.5611108684357483
2.11244112394822,-0.7974850387647469,0.31423696313340727,-0.8522118871096325,0.5834368135205917
0.29322465840190937,-0.678791896344911,0.2899962488018331,-0.16727307919594914,0.5547199328230772
0.6638524190890269,-0.7303291381038511,0.3173757589746145,-0.3673492919528112,0.5628087215224403
-0.5383106749744444,-0.6992173848994585,0.34329232512713087,-0.2297715115843264,0.5581608014396741
0.5819618276939904,-0.6988540004122064,0.2972660187695486,-0.3223504501360548,0.5631396537396804
0.034163279824974246,-0.6826369507448727,0.30474120023745926,-0.38149428671657404,0.5633703869559519
-0.6558342600306277,-0.6741624483386857,0.3265040297845359,-1.3803620206938216,0.605504329471378
0.8360852667151946,-0.6992637577386898,0.28442159738013284,-0.34456521272045215,0.5640207490597378
0.31456579359557235,-0.7131485283205135,0.31994217248744683,-0.21603777837925975,0.5576698414092887
0.0941610891406226,-0.7088548095875099,0.3273894452474508,-1.7849961896039392,0.625966922804574
0.8276367390357269,-0.7302694286454399,0.3115245871616559,-0.24731100796308247,0.5578622460347815
-0.10832616519773897,-0.7048680713114527,0.331681859988192,-0.40352660176218613,0.565351697160705
1.7436170890037204,-0.787451362390817,0.32101052412364,-0.9170291146039329,0.5861199534285183
0.9945338447368464,-0.7278811067714462,0.30288753709676997,-0.7267025289527815,0.579292289763578
-0.1932053835172889,-0.6616256962337179,0.297946780151828,-1.1190833825589372,0.5955519199537443
1.3057251372635275,-0.7389033097076597,0.29980357899324983,0.0005473105146922563,0.5470210661650406
0.33928495483279075,-0.7105459804247996,0.31513003484378704,-0.7872479997025241,0.5807880361861433
1.469731639169848,-0.7479486681651225,0.2992463031262303,-0.9694486585744215,0.590440574209445
1.616555145443309,-0.7266469918044988,0.27601299169015053,-0.5728260093223785,0.5719023001395475
0.08337797233961197,-0.7051971009773805,0.32193600853023296,-0.7338321410133322,0.5779965089380809
0.8508517627993148,-0.7274765684247942,0.30813858954608025,-0.5933640104391973,0.57462809760944
0.14053943166261273,-0.6717000633900074,0.29122510126317414,-0.4664367438131869,0.5685643235340357
0.26098541099293193,-0.701928172473679,0.31258065592030954,-0.424379008206099,0.5666130169553455
-0.09612158163055007,-0.6931958100710284,0.3196846466140708,-0.5641153421804059,0.5717179733959613
0.4559917443904018,-0.7063248002976694,0.3070420356512714,0.14148253127090982,0.5416055068569541
-0.2170701204987031,-0.6627203166477471,0.29895970323453264,-0.4347455039440611,0.5666134157606834
1.1617401606621378,-0.7293244618236636,0.2968310068613603,-0.8102327687389526,0.5828245061027812
0.6123380299064785,-0.7033587580812316,0.2984139610027517,-0.48080731087924633,0.5683582092116305
1.4456001246080046,-0.7097745315808845,0.2666425727593418,-0.3536663121469523,0.5618083324323061
1.3559097719892241,-0.7594857644310523,0.3146102118475439,-1.0644907212969805,0.5932304313462516
1.1085404543623367,-0.7578838736730515,0.3231614280574499,-1.4371041955577706,0.6086913565621179
0.1563011661732796,-0.7083094127516065,0.32163322634006736,-0.6547463606869393,0.5764141201137656
0.8686353982904826,-0.6981986134703875,0.2839772206176077,0.26786433056316916,0.5378841425774175
1.3206858323966424,-0.7416702479493386,0.3002252925790185,-0.2928372369440311,0.5619035814565201
0.19873584706335468,-0.6993265477745426,0.31280437512385567,-1.4164630985239395,0.607079460344001
1.4225732320930717,-0.7367320840126557,0.29108963736201904,-1.1587359018828884,0.5985463247090543
0.6393480541204273,-0.7548723466107862,0.340285535191066,-0.5618192450609989,0.5725682985821635
0.29410770468866776,-0.6856374974677886,0.2976463971881338,-0.7884255825153232,0.5821898700767341
1.3620135095485866,-0.729037234644648,0.2871694831076363,-0.7284916869348912,0.5788385654348993
0.22501367654985316,-0.6839107744112337,0.2997449703249961,0.0747181838539035,0.5457650164827049
0.007111310080128774,-0.6944264828232467,0.316649793626641,-0.42808472478819226,0.5649136277675112
0.5621810265954705,-0.6907015642748229,0.29124460535020197,-0.038874677300922755,0.5494973185079771
1.2749329821121762,-0.7848630565185725,0.33914143534201024,-0.6421520633367699,0.5753890910660865
0.624069513012306,-0.722559622822093,0.3144548776288777,-0.515890123386388,0.5703610136835748
-0.3926878064350303,-0.7174168114757357,0.3524422314899043,-0.32284615408128303,0.5634649936369474
0.9650473916704181,-0.7481707481862027,0.32210545806652724,-0.9781328582378066,0.5892977741487243
0.7469177323460574,-0.7134464759718363,0.30046079065898645,-0.18395369005884277,0.5540908790756347
0.8051913378572157,-0.7123534280034018,0.29747497678999085,-1.0279350079942962,0.5928312711597596
0.3975978852683948,-0.7241626685821541,0.3246455103272262,-0.6630700273041104,0.576155857434242
-0.10541389173216853,-0.6776801818194543,0.307411856524191,-1.0333829392723128,0.5905426000941314
-0.15625713111223405,-0.6990956151989287,0.32823075255721723,0.018767864419043434,0.5459630394876529
1.0609444174952172,-0.7132680843174535,0.2878022526161895,-0.19375367781274022,0.557150102113939
0.6869053198955228,-0.6703254115071016,0.26748554891477083,-0.011220723816949274,0.5496312861878495
0.1293589965735933,-0.6713789959146985,0.29361400841295565,-0.9117768520721246,0.5869833629631057
0.9376226653660726,-0.681048151614976,0.26718723838321756,-0.6809622309131154,0.5765628339566367
1.2650625785827687,-0.742030507340006,0.3045969030450857,-0.48185490168857115,0.5679454714602458
0.6593935808116989,-0.7107500686107993,0.3021888348559944,-0.22928618103267695,0.557820993428
0.748692155648027,-0.7298747146874494,0.31339064334995437,-0.23627884339404126,0.557216195821648
-0.2248083070212088,-0.7035226944461839,0.3340949076599948,-0.632433302066314,0.5774095380864477
1.058222007495572,-0.7335382216227139,0.3049360783648265,0.17881419347425798,0.5404794314453186
0.43307122277733257,-0.7281850527976943,0.3275882426034203,0.27356969799078,0.5364816845712127
0.822973987723727,-0.7524883504997122,0.3308157323344412,0.3904930933450039,0.5297638195127236
0.5067319190519228,-0.7216819866096758,0.3179876529304574,-0.2901549077955554,0.5592843766042492
0.2663055131438252,-0.7163638339243122,0.32383081726690743,-0.9149006285356904,0.5863347114937745
0.28840580908153424,-0.7119823790620567,0.31806490283445243,-0.4154058518130519,0.5649809075235984
0.994329972072677,-0.7167782046333818,0.29190809161272685,0.13131075999264574,0.5424230116405104
0.733208178731001,-0.710089664544059,0.2989056554520824,-0.28903964010148187,0.5598025761666501
1.3209478814634528,-0.7536908436350193,0.30929716476045876,-0.5203398010590412,0.5701137303421903
0.13797725277045103,-0.6592547333919299,0.28140483655851845,-1.31663071542466,0.6036518693618763
0.07197644823153926,-0.705215258866224,0.3227893184590199,-0.6404124342743511,0.5747153406212325
0.11627001361824707,-0.6790399637249319,0.29873888560695916,-0.7481239873454868,0.5782131330171268
0.9680857118302164,-0.7521622821683935,0.3245567666316763,-0.818881007581302,0.5839156621098692
1.058816504557985,-0.7296671420137737,0.3022330149245041,-1.0830343004330931,0.5956027087523281
-0.06878455902378011,-0.6824950581063546,0.3101709058384952,0.06151349291739905,0.5445714817354779
1.6287076577021953,-0.7721813897507006,0.3127731810710101,-0.6552735181941021,0.5742241827567262
-0.19306285960282565,-0.7076793392594142,0.33680072926843346,-0.9579417186440704,0.5898326914196421
1.132722745122238,-0.7268657046416379,0.2971997982994549,-1.1429045367596196,0.5973239645751185
-0.5562715745100038,-0.657863368124084,0.3093599123379957,-0.3576367843039261,0.5627927755578459
0.09532791036134203,-0.6524822223678232,0.27872052946545933,-0.5557732961389448,0.5721489110736085
2.1483254159736713,-0.7630935186462231,0.2838537647007907,0.4040156918073876,0.528810551536079
0.5183630809282791,-0.7298002322407552,0.32419693124072274,-0.5947752901099665,0.5726579606050747
1.5682779861307417,-0.7336789683320645,0.28409024073635325,-0.3273367896618815,0.5631962392154348
1.08448914815005,-0.7229298243819955,0.29632118185673934,-0.2821997162557217,0.5605065335072329
-0.09783936523731818,-0.6985097548678499,0.3243907259383398,-0.42054611857439106,0.5651599639912922
1.3108959536682478,-0.7419115625768884,0.3012755603094912,-1.220789342404153,0.598369535901364
1.5078880143474445,-0.7643446750057205,0.3129135057144763,-0.07337782178485242,0.5514578863070269
-0.17441203781619663,-0.6796789622958356,0.3107916693110532,-0.9482393427244862,0.5893059001023666
-0.1864242562670242,-0.7045879675597922,0.33349415298256024,-0.2546145313177295,0.5595174767601072
-0.4024576438389378,-0.703061388755541,0.3410110504368916,-0.7742386882861894,0.5813243954626771
0.7008897592328562,-0.7037730385731749,0.29568212889854756,-0.6620256746529378,0.575961542317666
0.7461958195492064,-0.6677952820737917,0.2616999737380272,0.05963186039240931,0.5433400821241351
0.4673593149251589,-0.7033256633406018,0.30610532028145976,-0.09800473317370795,0.5519222168307286
1.2515225682819757,-0.742598860767286,0.3032242552343371,-0.9382982966363507,0.5872397925207241
0.2503222332663899,-0.7098377741539051,0.3192930628303488,-0.34015706246206356,0.560076895727929
-0.6211714916948958,-0.6583400316357128,0.31303882455775,-0.2833479747797014,0.5604709390541796
0.8246746675165824,-0.7375836507474219,0.3189772464861266,-0.2500006728398869,0.5593054560411637
0.8692988938414912,-0.6924741365874794,0.279681395548248,0.31401388069516756,0.534641422307505
0.8196883480162462,-0.7253855460236595,0.3074532035109664,-0.5782709141213207,0.5714522709423432
-0.9082648541383502,-0.682837828769134,0.3437602320002393,-0.7606667734927903,0.5785090090577314
1.2048041954354378,-0.7177015496251514,0.28572903525845095,0.26460824817725026,0.5382080126921992
1.0897761734683398,-0.7543839173288086,0.3207597281552623,0.5662888090026676,0.5252249705274868
0.7726089555840128,-0.7484643148918136,0.3290338169451832,-0.5913271963407709,0.5726292224955966
0.2761241837848356,-0.6829725350784447,0.29633089619003383,-0.613145090288409,0.5736178906688598
-0.013556197846176232,-0.6934366565197796,0.31830858749592544,-0.49170300144966994,0.5684571277509649
1.8602660157299677,-0.7417864075865225,0.27571666400016237,-0.2776370077075345,0.5580403217066275
-0.12679042877975544,-0.6871877856968703,0.3160190455527967,-0.4826752625676747,0.5686181851056764
0.6353351741171798,-0.711480232628953,0.303540984152313,-0.07065490682159137,0.5514412046911433
1.1734051115911157,-0.7124010396875918,0.28118440243591036,-0.48519191800208006,0.5694177218371093
1.562209529877376,-0.7439972223943921,0.2926050813199255,-0.6268856967375136,0.574678098051674
0.12596370500624499,-0.728574114604944,0.34148396293528716,-0.5657415961291097,0.5709799604811336
0.8195971257750987,-0.7322156097983458,0.3139779765251383,-0.14836352618747028,0.5530354544586511
1.4760727252778567,-0.7312397489661111,0.2843814195584355,-0.16395538921251251,0.5551218289356031
0.9918966178627509,-0.7242936723423632,0.29984978246717564,-0.50102288893825,0.5689895891995825
0.9909989945947002,-0.7245651907754356,0.3008609096390342,-0.3469870712266587,0.5640550257985893
1.7393789801361876,-0.7819767827406583,0.31520635232539645,-0.3424216367302986,0.5640442980992142
1.1216052930962492,-0.664091799299281,0.2456151454776388,-0.3076808079463973,0.5617106458696693
0.628624602845349,-0.7478896889743553,0.3348096533424883,-0.943207485662299,0.5871131707017221
-0.48685334893029086,-0.6937335034800353,0.33688135116020534,-0.6841558549259368,0.5769866650655391
0.3647572636362293,-0.7433042845797296,0.34185887945648125,-0.6458986870907903,0.5764853968221868
1.4588338876750004,-0.7565048376408041,0.3066893349289224,-0.7401903382282988,0.5790046361613538
-0.7391233100759536,-0.6740362780361824,0.3303516409678341,-0.39995171200926904,0.5652686983947979
1.3203975170246975,-0.7406182103885525,0.2996648403157644,-0.09879873002764761,0.5517042517195121
0.8533679819504938,-0.7264151203772887,0.30717920919433295,0.02967412069032882,0.5477998477800886
0.5932375574354811,-0.7080856296685873,0.3045187741287163,-0.604202633216584,0.5724358296666324
1.6874506301693986,-0.7542909175506913,0.2965712200417149,-1.1680929828659519,0.5972287726364623
1.0932544430101858,-0.7838810611798873,0.34669878966256756,-0.57065778327493,0.5707845764695589
1.009805903986992,-0.6874078912250109,0.2691692378282107,-0.5061068049774313,0.5687247165965336
0.43825690121820404,-0.72610026960885,0.32384795347915246,-1.3182005133836388,0.6042204824153024
-0.11850258412296721,-0.6727696084909526,0.30400480408599556,-0.5071637698819291,0.5680623529482813
1.3257682059889184,-0.7558479309906454,0.31088846791474295,-0.9415393367833396,0.5874813819533226
-0.8296818771549193,-0.6443793873925431,0.3096018043740296,-0.44718403166427834,0.5670491375368285
0.03068044515707502,-0.6831272945904073,0.3051198948412994,-0.39479841060484766,0.5642852229004232
0.7399197663488382,-0.7619325401588369,0.34138330221914787,-0.4438422854367907,0.5668942157566853
1.065203188584805,-0.7027176556712357,0.2785388542824121,-0.7202690725539753,0.5788822695407315
0.7622940585384299,-0.7028314795632629,0.2907558477096678,-0.5568266974417355,0.5717150861133192
0.1662717979977293,-0.697678832924045,0.31439409897737064,-0.9222676718719676,0.5873163387990156
1.7775633839827485,-0.7519980227400991,0.28909735240270135,0.25919405296034626,0.5376183437645253
0.19386530599168506,-0.6796686244894493,0.29570709334079626,-0.29891794142352346,0.5612018694705182
0.11280420582922979,-0.699805682743564,0.3153693831704109,-0.5989237859172416,0.5737693866868362
-0.3348475472997734,-0.6886660936246476,0.3261912452713984,-0.7246426501228385,0.5779186947112287
1.4554759474100534,-0.7128375336275962,0.2701191190046158,-0.4059286510819895,0.5656494780904745
-0.647686071084367,-0.672099677182404,0.326648706835498,-1.1168868324398389,0.5959726562314458
3.0872868652969583,-0.7738380900573177,0.2542219291523988,-0.2161898321369513,0.5563659581634437
0.7973308707030435,-0.7081275134470886,0.2949247625802409,-0.3061542770478134,0.5618220911392345
1.4079731442747878,-0.7337973471400222,0.2918961197251921,-1.3411618983224418,0.6026930648931987
0.7477283439576032,-0.7042023660199964,0.29338559933070446,-0.6854636870796931,0.5761608646190562
0.5070912444460127,-0.6793157071650004,0.2835208204297434,-1.0448290941434646,0.5927176268636593
0.5841297167622086,-0.7145295462002867,0.30792680662348937,-0.11779414283152967,0.5531634338869758
0.4954851757955714,-0.7275819731146166,0.32368791818531234,-0.20925434336868776,0.5558833353477826
0.01799117788727944,-0.6957938873727251,0.3167632822252651,-0.7751656855789424,0.5798570690642906
1.560689316575946,-0.7637133186400124,0.30666364014656805,-1.1413984386952514,0.5963228176612309
0.46040102203673605,-0.6936340129194697,0.29489324409359824,-0.2472862726570142,0.5591551338192033
-0.04692085302493254,-0.7026097704368236,0.32474945812671874,-0.9239996585144219,0.5852549507083787
0.6852126956827425,-0.7148840679012222,0.30515041231100387,0.22964664559994574,0.5388598979882905
0.8064349941066231,-0.7325534883798618,0.3146557578080456,-0.509469256186355,0.5686713514433588
0.23809428609040761,-0.698466470356149,0.30817411596724925,-0.7670580908783577,0.5803776267424059
0.3046194031847076,-0.6822076984701257,0.2938248129985089,-1.1772971846109392,0.597589369141452
1.1146206037689277,-0.7219925960795274,0.2918586594115181,-0.502769142607141,0.5708348179798988
-0.08493007158012844,-0.677424218305226,0.30649526427262785,-0.564936740050177,0.5712912560440532
1.0709069050642608,-0.7579273479470289,0.3254187376805919,-1.2094765626855306,0.5996188995609409
-0.06758339091137167,-0.690673647204436,0.3170973968092981,-1.1566566497364015,0.5973486355839316
-0.2391310636455195,-0.7016260984231528,0.3345027405198115,-1.329776977048093,0.603618249111543
0.9144855789892334,-0.7319551775750258,0.31024791520151074,0.017886877811404744,0.5477311555080663
1.1582591327492606,-0.762579864308993,0.3236779246152221,-0.338291162868563,0.560659580092114
0.007887890614908244,-0.7214851758293819,0.3388018616204335,-0.7764492585978964,0.5812038640082352
0.38058018807845695,-0.7141721794896283,0.3163779939987593,-0.6906916446576474,0.576601300319643
0.0631108594763532,-0.6965331264048815,0.314769998038915,-0.38387365152543573,0.5643965099721651
0.9653017420478527,-0.7089969682279867,0.28810901626591695,-0.41889162095699106,0.5635541411045079
-0.056936807012844426,-0.6778449649085722,0.30609119427343284,-0.7048684874495272,0.5776269287349126
0.3566942689919177,-0.6973893308862,0.3031414025981881,-0.2758239654183683,0.5580244551560922
0.4839318935364272,-0.6917932697600877,0.29543011932465324,-0.6132223001483101,0.5738569385851024
1.3561575926564906,-0.7301120357293425,0.28965738628691245,-0.16808701849842578,0.5559440809207914
0.05715525939330224,-0.6948355327797556,0.3133757745733913,-0.2129967083433364,0.5565939870114514
1.0327561402203997,-0.7295080816333277,0.3035379365248324,-0.7745108525234983,0.5794173496681706
0.4936003679612053,-0.7102526095420492,0.30980379313889994,-0.6237907701413636,0.575786033209565
0.4423646037649851,-0.6775959825900116,0.28294582365447735,-0.8794398915850739,0.5842528916061015
0.6844180873471624,-0.7125675328999121,0.3036108909087876,-1.4904699861047188,0.6122340520358631
-0.2944728233904641,-0.6660628485904561,0.3059045288603068,-0.7424487811188349,0.5805484826498495
0.1403357715290623,-0.6531027975421595,0.2745225083281787,-0.5741905690801641,0.5739769155448771
0.6596733205421703,-0.7067390120408757,0.299118741784477,-0.6420483354213236,0.5753112959903603
-0.14179327707799327,-0.6423550101205087,0.27748577346317577,-0.5884751511066639,0.5707047318102233
1.5990916437840896,-0.7271673632959373,0.2773606769842862,-0.7033468893053438,0.5768483364685982
0.5188275477231006,-0.7173212684218349,0.31366889778306695,0.10878315518810666,0.542545591586789
2.0261708834639016,-0.7572259449130189,0.28380596544848163,-0.43722866373396485,0.5675939762266672
0.6196599704648627,-0.7666538987869345,0.3504078040937275,-0.45526549402438476,0.5674316614890621
-0.08934075932897212,-0.7138093971940872,0.3366961888909168,-1.2320214550203925,0.6008227016398877
0.8272339715594876,-0.7453393015571109,0.3239751653902567,-0.6847346070733789,0.5762462444829041
-1.207045903793385,-0.6433856938502658,0.3242620652625863,-0.9174145590290745,0.5875917031561331
0.5655580852877558,-0.7021053419168539,0.2976279041981999,-0.5570674974162948,0.5725920634288966
0.804318358570927,-0.7123588599357366,0.2981923397450776,-0.43521112033155873,0.5662647665325762
1.389016552333258,-0.7084565706752924,0.26958559102187574,-0.8347623415028593,0.5826815978838215
0.9063354482416477,-0.7229927132740234,0.30300160137885285,0.19018604511354908,0.5391884090402363
1.274103970994501,-0.749079085886503,0.308073143435033,-0.38246251786707575,0.5624706676293508
0.5400107735399269,-0.7118726010340922,0.30808293404016485,-0.8223482686026493,0.5831359708037664
-0.29292660835014317,-0.6601621939259956,0.30057445402875405,-0.3537258517751827,0.5617451237323399
1.3447326758136366,-0.783187701746583,0.3343694856972847,0.2392694843010439,0.5354291813053508
0.919375953260718,-0.7122926090846692,0.294745439190056,-0.9062849737136371,0.5876198364045568
0.6042554933006681,-0.7494833536361669,0.3378000253664146,-0.40903035673592214,0.5652863815521216
0.5163219053023864,-0.6878756375738342,0.29016164534342614,-0.19244750213174733,0.5547477796505202
0.7285500216324188,-0.7287361933368512,0.3145959104714079,-0.7196462285258605,0.578902985861359
1.352895461210057,-0.752572450544453,0.3094759169842457,0.4625010677220889,0.5288598870832847
0.669620030415965,-0.7339763440338768,0.32266769001020207,-0.3267764669363622,0.561751054731907
0.35361380692299527,-0.7273713295133069,0.3289280136243009,-0.1121288956705655,0.5511731366809585
0.6017195799921673,-0.6875543481051082,0.28567235143921504,-0.5702633320173831,0.5724774439054795
0.493427185310531,-0.7101946960075719,0.30920515693910944,-0.6010926225946616,0.5728951121322822
-0.21357480211690394,-0.6841994366005265,0.31638222637292956,-0.6208044219542224,0.5751397870025488
0.2921261294205335,-0.6996461342799861,0.3078293342295594,-0.14440720505847615,0.5543870065684774
-0.09570496592685274,-0.6772861333208497,0.306415918707512,-0.29904616785148974,0.5617074223850014
1.2260941147797162,-0.7360188136724833,0.2991165945917003,-0.17356588204559564,0.5561600243789332
0.3728220543390268,-0.7036369397930118,0.3084464141966731,-0.5150839279276145,0.5683584437600682
0.40474299383931367,-0.7324216799002831,0.33189818103872537,-0.6671567950372062,0.5777968195931684
-0.01566844393249145,-0.6980252462478053,0.32082663414682755,-0.6338859418300888,0.5748058805077363
0.17076734500511126,-0.6727982590022507,0.2914915616089236,-0.07541002430634158,0.5525323223759397
0.6722755964829004,-0.7082612546056454,0.3016941278271803,-1.2049651901070284,0.6003772716558395
0.14176915121222589,-0.7064786901929331,0.3204013610760097,-0.9814894701192376,0.5889942974989504
1.2063192937673088,-0.7285057912636339,0.295143550469189,-0.29924711456614794,0.5621878214372925
0.4602190828890089,-0.7222713908091613,0.3204158452233068,-0.8299331889670984,0.5843366954557945
1.4506896020880005,-0.7628871124468228,0.31268177673220887,0.1136366553584125,0.5412495192378879
-0.025489097352669354,-0.7008693976193987,0.32533971789664134,-1.101679334113257,0.5949391192530203
1.13300750961639,-0.7347969771740863,0.30294519091785277,-0.16525151660328952,0.5535151827454977
-0.09634845831706684,-0.6981670791049159,0.32509385733184903,-1.0107194980647947,0.5906426688938927
0.7753181308127424,-0.7262080171933205,0.3107150171762599,-0.48088341620487185,0.5698408427393694
0.7783320034726398,-0.7050357681197466,0.2914739120080977,0.28216305266760244,0.5351679787853386
0.19670622946722638,-0.6979315373222525,0.3110223475495969,-0.4560652650310377,0.5669621182935398
0.6460637183869524,-0.7155165133627354,0.3077948622811055,-0.4356208117399394,0.5675194754708807
1.2178276393798617,-0.7659295133358764,0.32424028471569233,-0.4984567689512325,0.5681485982389949
0.923104102849881,-0.7214540518893738,0.3013740535671185,-0.28275818263292685,0.5601147164003022
0.7158988729692544,-0.7024603568725145,0.29403846453166405,-0.19714496937275428,0.5570423896516767
0.8130186547267453,-0.7310918473756244,0.3125619916955189,-1.5948764161735358,0.6146488910760228
0.01985793029342009,-0.7046946451422138,0.3245561511075149,-0.7776241284599159,0.5812815990591655
0.6426604177430484,-0.7325026376310946,0.32354613153234774,-0.8616021122542659,0.5859099068484466
1.4197483330277647,-0.7206862429048669,0.27844491564626384,-0.5620296815406238,0.5707294828522538
-0.6461711380829493,-0.6447704766331502,0.30069481776971996,0.0864293632006472,0.5426230688177364
1.4297905541135334,-0.757033749829058,0.30974895805530583,-0.820697005945572,0.5844742247719226
0.024265323720385368,-0.7308773387937699,0.34724303057348205,-0.46085060070151584,0.5674757071073242
0.37606852702440463,-0.7233331457586503,0.325275156842098,-0.7756888886803139,0.5808877389204257
0.4250801656326626,-0.6906217200784097,0.29464827350653205,-0.36000828054938694,0.5634025128877441
-0.23347461444939377,-0.6750891555758809,0.3120842858252603,-0.48000185105974325,0.5685279125499625
0.7896879977803799,-0.7199138045390484,0.30459196352427736,-0.5374185756397267,0.5715090100632082
-0.042005283172475316,-0.6699410588583775,0.2981508410290429,-0.6021456543604007,0.572695173907374
0.5670636251908769,-0.7567416642694773,0.34510159605818125,-0.8557164650108326,0.5855480295203881
0.5591745835638386,-0.6986690762235743,0.2970209233446706,-1.1169566194431493,0.5940155714010987
0.4094435738681934,-0.752462667989527,0.35052668791889163,-0.5866105761666667,0.5733544566035812
0.40299323030070067,-0.7016166069320835,0.30619321308810815,-0.7345716065708174,0.57909766064649
1.4938043397969842,-0.7757531315643975,0.3190255924884785,-0.5238834614404091,0.5702821713975591
-0.4915349822485684,-0.6975357062250318,0.34053327874256195,-1.255013751519435,0.6015738797777693
0.6525559143758883,-0.6903099147932789,0.2851801865255966,0.0717749873251492,0.5446347252358172
1.4372070885102817,-0.7548054957415111,0.3067507537166614,-0.16270974912073832,0.5541385775941946
-0.7459148890808107,-0.6803972785611855,0.33703134344773455,-0.7163436421672031,0.579816566812677
1.4336422159679634,-0.7205452621866874,0.2788745069984447,-0.44433598928882034,0.5671416973523943
0.4427843530058375,-0.7134941343566729,0.3173376215003542,-1.9181279192308427,0.6297579826540544
0.9450569222112355,-0.7370950968556492,0.31346907737256047,-1.053819856804303,0.5920594987825865
-0.3266391906081241,-0.7294682438174557,0.3608959932747385,-0.9420916682823748,0.5881516492992976
1.0590329245326444,-0.7642570215067596,0.33219635727316726,-1.0372770819846835,0.5928358999507671
-0.963495587464827,-0.6482161780653707,0.3193027148261431,-0.297782059505721,0.5598552556578495
-0.056316936634027925,-0.6530348161710624,0.28641144938785024,-0.5234616486447052,0.5702168210806947
0.6444116458459659,-0.7121935713729097,0.30611674494999896,-1.5218727228709916,0.6122809674835296
0.6234036316844582,-0.7068975403476527,0.3002792649986534,-1.095363088676617,0.5934743401312486
0.7622089550102071,-0.7124621655006135,0.29965891462547556,-0.8354279624397378,0.5814829808551284
0.6125024284394973,-0.7365566291190762,0.3259045215091405,-1.1829568793469942,0.5972914688497384
1.6452210124669744,-0.7629043237039528,0.30545874785105664,0.3216018330957535,0.5338561182535062
0.14368451406382654,-0.7150874687451824,0.32688241958620595,-0.3047726366531762,0.5604064980794541
1.51450275995803,-0.741751230868205,0.29015136914863676,0.4495829559411373,0.5268280331836057
0.8396956374913556,-0.7198526713330645,0.30216421672842664,-0.4591828451043032,0.566793652205589
1.9694930852852401,-0.7254006054729913,0.2599911126244304,0.5243003673883049,0.525913312843082
0.06748616341322311,-0.7410706314757625,0.35253791514963223,-0.38994046092293466,0.563601919176795
0.8467739448223748,-0.7155673009347323,0.298063844217419,-0.15562712464237016,0.5543375343529445
1.2807254311569407,-0.7521153357163536,0.31075780613135395,-0.04485906322374511,0.5496524720434478
0.5598047989716184,-0.6814518357662976,0.28044546546402516,-0.5981929282159175,0.572616018257225
0.4170895970065489,-0.7062260509694058,0.3070460014002319,-1.0168478071150702,0.5892803042345491
0.5222027066939043,-0.7130285877446776,0.3092065857684779,-0.15375830884604547,0.5522919846274196
0.8038862197951735,-0.7524154639695368,0.3332436912786057,-1.231987027934892,0.6010847301504592
0.06079437322108028,-0.7073879757423356,0.3256762618857627,-0.8642842919706535,0.5856533075668163
0.12784383390280585,-0.7118817564953416,0.3264227510219305,-0.9205224787971122,0.5870188142275349
0.30307234635229285,-0.733928941330293,0.33892970639271364,-0.4146308585493994,0.5662789616822682
0.3623456897280981,-0.6808644597808954,0.2894238244992193,-0.720258003562952,0.5784934530578353
-0.39648344296053484,-0.6840583683478831,0.3241113709499303,-0.26219239670406935,0.559397910709352
0.8324193510444413,-0.7020351168098578,0.2872287884029261,-0.4053184334560118,0.5662790787287028
0.6008201361698831,-0.7420978169795626,0.3316377047413828,-0.7241552670974887,0.576991494361763
1.1478252835842042,-0.7385257688420254,0.3041219163128322,-0.232428903513636,0.5599335178647715
1.4891359466348684,-0.7894651156793951,0.33347060288666164,-0.524498206539727,0.5706313130317667
1.376621788819425,-0.7853013094293445,0.3356328586367801,-0.0025503784561955456,0.546371819881437
0.3388990953185713,-0.6576784455698713,0.27153493131495865,-0.35672017251437005,0.5634583715974941
0.08550869159063534,-0.7022958900185953,0.32042656456674895,-0.8930652811463808,0.5869702095129149
1.2486233710653964,-0.7500538258711389,0.3109984848509527,-1.3874832649520492,0.6064604993491043
0.594177862900291,-0.7066816920868924,0.3023766849209622,-0.9206036603657104,0.5861040446768548
-0.16815901102840414,-0.6652600084550424,0.30001885656266386,-1.0450240101164265,0.5933165624241138
0.1806997501867862,-0.7151588337602839,0.3256884979096793,-0.3320403975564741,0.5595258267748694
0.4820939291810218,-0.7001806475085576,0.3014971747229168,-0.6382181795487387,0.5747055015584212
1.648940403335752,-0.7694040541833029,0.30953380367720285,-0.6735413816067695,0.5759778852510431
1.8970437363044637,-0.7762779685569341,0.30492617409438144,-0.6153038073977619,0.5751550181436957
-0.32120776259370043,-0.6699416029638572,0.31088857430768474,-0.5287672524744611,0.5703577134671666
1.3791883616344593,-0.7703022872494945,0.32203223996607994,-0.5458969894011769,0.570667556319487
-0.343415263410181,-0.6562884696497016,0.29730083474355634,-0.9731685119324567,0.5881846375967511
0.5465193864741318,-0.6992123655267136,0.2966893799378507,-0.3248290516288943,0.5619388696909284
1.017437093307068,-0.7251733643459242,0.3002253535592633,-0.4117368174985767,0.5649043688712182
-0.040213978239155956,-0.6808069330935254,0.30603451222504185,-1.066268268517513,0.5935088683054806
2.344821570766851,-0.7659304602530561,0.27534800378871294,-0.06386404861548556,0.5514534842462363
0.28829606142752606,-0.7180035465946328,0.32360637527192365,-1.1320136220784889,0.5945038919434296
-0.01611508756907032,-0.708245662623157,0.3283637797731504,-0.31492629134301,0.5605744657977912
1.5191065982456688,-0.7498223286416716,0.298957055079945,-0.019529836963231517,0.550589121729884
0.9619268723695491,-0.7163800678284422,0.2934874585626175,-0.5637278165645832,0.5716081169260058
0.16548105253191547,-0.7077663047333121,0.3195550541867132,-0.42673449605894476,0.5667526168682689
0.6046680950902159,-0.7400163699026625,0.3290451165836192,-0.6275130777120612,0.5761851845567937
1.360763538928345,-0.7134511507223991,0.2744568823253626,0.1660065109957447,0.540093699934778
0.830539725459583,-0.7631661941233978,0.3392691607229509,-1.296003252933767,0.6026711494590397
0.5457563887083143,-0.7208363906300513,0.3157410526765306,0.4382777043963717,0.5291885828761684
-0.33911230712580753,-0.6719810464436858,0.31310458894795246,-1.0571451083732235,0.5942962684203918
0.19248853195609872,-0.6965612137973926,0.3125042532105846,-0.18652655531753304,0.5575792133911892
0.7814431009402041,-0.7307165781650381,0.31466207147383135,-0.8657533614135264,0.5850489376873337
1.191175048946885,-0.7484030441117437,0.30961092140237767,-0.3635613005011269,0.5620893809118916
1.3470001894353638,-0.6879102544499448,0.2539770609855651,0.04472151281987635,0.5455161060422541
1.4379709355321264,-0.7496020434951183,0.30160030442087826,-0.23973569169042364,0.5571394047253074
0.24700151700240802,-0.6919500474638401,0.3025498601145661,-1.1763059170735453,0.5982523506088345
0.1905946650375805,-0.7479350652764873,0.35511133956689994,-1.7508200757413874,0.6222550577392644
0.14342243195480275,-0.6899761431197342,0.30656237863190916,-0.7690994538895062,0.5820164658155326
0.29537087885660007,-0.7120324995762325,0.31993462088597674,-0.9888907318915816,0.58944628640705
0.3453457601956593,-0.7084362653139928,0.31377859515843143,-0.43240214310913494,0.5645856686298136
1.631078365123872,-0.7526263122795711,0.29722781961618605,0.1290932794407471,0.5446745828388209
0.32725151656008933,-0.6876477900278376,0.29788919313101186,-0.6854958380995679,0.5756719913742956
1.0733924709884075,-0.7276125925731487,0.299940236050295,-0.44787427414249237,0.5664910854776183
0.36235451325948453,-0.7057667477147807,0.31224660306524293,-0.3704443754213891,0.5629130212654365
0.4425080938438892,-0.7066202698227746,0.30716824845467,-0.6789532352970458,0.5764559395867142
0.9435335676473855,-0.7154383022100556,0.29444697609256887,-0.9597436584638714,0.5885600576011949
1.452465741134361,-0.7337779224861224,0.28766156536840987,-0.25864681700379677,0.5582193005829146
1.643553950373792,-0.7651493514832197,0.3061041922775188,-0.1905174489706667,0.5565406134095556
-0.7460511402192074,-0.6835163223168033,0.34036582011725763,-0.3131142066321573,0.5627518089511533
1.4622203662113513,-0.7342326506953547,0.28793903919177405,-0.64127730774781,0.5744021262576791
-0.3421881557583708,-0.6755355697880695,0.31458961410125275,-0.2766197211878758,0.5594151729689806
0.9529193781653733,-0.716149152520817,0.2952533867698673,-1.2767382805368506,0.6016980902764413
0.1270106128431765,-0.7076362931898897,0.3227721074880236,0.0016987536677852688,0.5472884423808195
0.1791879570935615,-0.73507971390032,0.34295355882898526,-0.40376895123004175,0.565269460465666
0.2771414500848639,-0.69801930116353,0.30727502923296324,-0.24749749848547786,0.5566894959757245
0.5624628776486693,-0.7120946873979865,0.30783362931885594,-0.9104844161160148,0.5861788663639497
-0.43862345611318787,-0.6728823499607579,0.3183145917865396,-0.7042827806787528,0.5795057654783788
1.2261400312926796,-0.7332148672288894,0.2974972233231031,-0.5499754805485502,0.5715016887324305
0.20136616022518883,-0.6763913618475298,0.29438664273513787,-0.40766659704370234,0.5655475090117674
0.8390557743920972,-0.6985157841912247,0.2846386558633091,-0.9906147238746481,0.588728244686063
1.2772828963254463,-0.7684739581116891,0.3249118020373551,-1.271986781700054,0.602513806083459
-0.10953645104118692,-0.7330749488698223,0.3534749101345651,-0.4736416881145402,0.568104189982271
1.64307418590543,-0.7054579711455414,0.25636470282473445,-0.9719221048594431,0.5891055087138448
0.11595877737948435,-0.6849864364863767,0.303845593128242,-0.38173119949511225,0.5651422194344339
1.4030649811846896,-0.7495984060444485,0.30167141846967493,-0.625442691449809,0.5732182733876696
-0.47597902100251055,-0.6438146759028831,0.29416245564957133,-0.5497782145122034,0.5711356662363866
-0.07140273419484444,-0.649193786816873,0.2817403035004062,-0.8145539360006637,0.5827194003514611
0.8748008547533432,-0.7119219844093335,0.294644525603864,0.3839633272722196,0.5309012801152811
0.2237147656824945,-0.6820333647231374,0.2967122926980465,-0.34396186915570404,0.5630582306633197
0.9995434904242879,-0.7142967418243363,0.29096856096195406,-0.7623658550691594,0.5798131310629969
-0.16328531074740305,-0.6742854705758156,0.30687666931937957,-0.6115362653622878,0.57484373804078
0.9245608949631725,-0.7512364369295975,0.3242537853611637,-0.37378743568784145,0.5633010319690389
-1.350830752019787,-0.6738097354741326,0.3570450000228531,-0.6321478993999943,0.575004423500763
0.49943117494206213,-0.7043945529663581,0.30381016830864876,-1.1797576500953202,0.5970221910147483
-0.15821370657306133,-0.6546777705260879,0.2900964345792763,-0.4824821623572646,0.5707082317097277
0.7905802264102864,-0.7494772591799892,0.329769541746708,-0.9245329489739351,0.5874179391624778
0.18537485018481448,-0.7135063103814376,0.3236001579604023,-0.42863016319329184,0.5657131629961014
0.04045847876826958,-0.7177913290232231,0.3347623094557224,-1.0166121194679665,0.5908232847024335
-0.7577551265843878,-0.6755224394501281,0.33411587254378705,-0.3041832101631332,0.5609647804981391
0.3674114937102875,-0.6750252086759453,0.285525885483627,-0.1669950221746337,0.5542271246477373
0.3355592232717566,-0.6985075305779184,0.3053272998812505,-0.8635899065537558,0.5855213142507111
0.2594036540996747,-0.7104433444797944,0.31943588163780645,-1.0149933323562923,0.5900972122978956
-0.6168649762219944,-0.6483490180735345,0.3038006761870194,0.05106654985872616,0.5462514973326805
0.8609696863674188,-0.7265054027506289,0.30769903349550176,-0.5776723712120244,0.5719526107709246
0.8243915678756908,-0.7310017942426011,0.31150123376614813,0.3324302408379811,0.5320002173661695
0.7476907984313383,-0.7069194347601272,0.29412797487768333,-0.9137726574295595,0.5850548811975592
-0.08678024071266943,-0.7073746971914904,0.332544722903121,-0.5878994199289966,0.573035705399603
0.6382205101287157,-0.7308279398726371,0.3198188925205259,-0.8388647253916925,0.5840309324231318
1.078970264584643,-0.7519861009722217,0.3185120642235665,-0.16947487756839053,0.5540801998392643
0.13171522048409035,-0.6826350365216529,0.3014267058581023,-0.33104760122347265,0.5616689405121855
1.0850584979857967,-0.7330238620142795,0.3029695926273291,-0.11826591738016923,0.5527907995071509
0.8063221413924042,-0.7183094578870557,0.3022135713640634,-0.6298478530654936,0.5749083703717881
1.4186283876035901,-0.7356455020041754,0.2893079215340763,-1.406881791291715,0.6073359217780353
1.7213895978256826,-0.7378385164401202,0.2789791185938738,-0.32352445676715114,0.5629794183017962
1.4672562866585315,-0.7729748843179367,0.32080422923020885,-0.8402013160125179,0.5838176107395363
-0.2934858711467072,-0.6708365700693164,0.3098423851679043,-0.7107209480115557,0.5771040021027503
-0.2769105227639077,-0.6931817006367144,0.32620340957895105,-1.0458473973115403,0.592483310205373
1.1352645214708295,-0.7272284831358844,0.2961889736995171,0.05828416380627566,0.5445175177060789
1.321838556576843,-0.7285620828823562,0.2897549292721653,-0.6857186159577768,0.5768735910636379
0.03776123873678294,-0.7010848467225568,0.32036586920750265,-0.2426290954413286,0.5574141549708752
1.2458025112230962,-0.7453652143351504,0.30609144177008546,0.16887570067908797,0.539312755636361
0.51524385704659,-0.727406356998044,0.3224646323531102,-0.3101940147364566,0.559844479450092
0.9579886183190833,-0.7691470629923062,0.3409879103775947,-1.0598108604744905,0.5947376412920218
1.38836971812285,-0.7652081163998901,0.3175403699657528,-0.6263377006381567,0.5762239239242062
0.6410802698639353,-0.727637168090088,0.3156696606259997,-1.0134446954674878,0.5898485842123716
0.9466299688131796,-0.7374720288536556,0.31233766817803643,-0.6837258460502706,0.578711294923399
0.23521977364806634,-0.6716115610067092,0.287320779732927,-0.8816266535702155,0.5844406277134262
-0.5778740569682297,-0.6657374486562517,0.3147435630212563,-0.7814697925681351,0.581521841778159
0.6429828860402411,-0.694700325018963,0.28916000384017987,-0.5905668871753811,0.5726920435069387
0.067317427626298,-0.664415806874497,0.28944112408706996,-1.042137510003613,0.5919732871950191
0.8142050743027012,-0.7084757255476911,0.2926055341746923,-0.6533813771245534,0.5715554847555825
0.9719360236387669,-0.7240776435985906,0.29876682720504055,-0.715469540848721,0.578070851071312
-0.4194935740548189,-0.677621630945017,0.3202884848420802,-0.985303213349102,0.5879001657705415
0.6337430967432791,-0.7638757836103691,0.3486714816507111,-0.5285756842546281,0.569494822999617
0.6798468249271323,-0.7019342515729456,0.2941820381242566,-0.5598120119455547,0.5713327243920484
0.3820096370600403,-0.7008160777429278,0.30650158827479806,-0.39808842020745594,0.5641340647119686
0.48690770197472144,-0.6747512404088517,0.2793813652002029,-0.28219285725261933,0.5595588660048537
0.4582482778516459,-0.7210272257595581,0.31811523866398256,-1.1402947316391376,0.5960756121542271
0.4226224294866743,-0.6963233439858502,0.300971944618912,-1.5460289110088414,0.6132707968971995
-0.2704591666012117,-0.6881669850770907,0.32229114158057515,-0.212496491974564,0.5579068893239186
2.2283846815160455,-0.7801404768992397,0.2944388587239881,-0.7738293694369371,0.5804563477355097
1.1249785548386324,-0.7314851222431159,0.2984434143375629,-0.4414416740238405,0.5659757257291955
-0.44842760186747377,-0.6586710804803486,0.30635874099031596,-0.7125596185894238,0.5773329700216846
1.5347558660341223,-0.7360973711361491,0.28548435593977195,-0.19516367893429099,0.5535836622671999
0.5774343396819406,-0.724278129991986,0.3187338308457814,-0.6101595886651374,0.57486757034696
0.8355155627674131,-0.7404816515764181,0.3207039022763368,-0.6026404000163588,0.5740689645840645
0.5613003041133009,-0.7166214299979232,0.31367244677638884,-1.4570911220986051,0.6098977406382167
-0.19856052654364476,-0.6752687831756147,0.3092358677007095,-1.3439385627595861,0.6047538586251984
1.1198464759237012,-0.7120884097748886,0.2848506088676705,-1.0496786107344747,0.5922771230842963
1.075269432912913,-0.7026443120823724,0.27893210393317586,-0.3061869408365965,0.5612827856762799
0.44732709449677,-0.7097359506901161,0.31203260431955687,-0.3244498005299459,0.5606251456610211
0.2603134762680197,-0.6864267517638971,0.29894154579101573,-0.5724334597297656,0.5707239716487859
1.4326112318267725,-0.7642553785004107,0.31608770650563794,-1.3401713413729759,0.6053501778157167
-0.05315974167740389,-0.6985589136741472,0.32251083036918354,-1.248652996449394,0.6011282049003909
0.9963101799884857,-0.7298802436459042,0.3044973380453955,-0.30832816500568505,0.5608565454201632
1.0835429629735502,-0.7154409880023194,0.28888363690711366,-0.5010877912847693,0.5694491835227247
0.18583077551242866,-0.710325445873671,0.3227141038577603,-0.4246240792980842,0.5659525029490455
0.07378115826037579,-0.6855350134399725,0.30575209913606644,-0.8765436813912935,0.5847436288848233
0.04923854199490307,-0.7190994752545665,0.33553775862243457,-0.6377935543769127,0.5738430172835111
-0.516108239995094,-0.6985286636725149,0.34211669818783447,0.12803663737296844,0.5435024677313105
0.5443894381458652,-0.7039982581611901,0.30059777017673567,-0.7861121815147118,0.5813846912214157
1.383659877973292,-0.7216352389839785,0.28192431701499776,0.29056604692325294,0.5360217087809668
0.6373220308817134,-0.7200612502631408,0.3125817034982516,-0.7134378039558467,0.5794882092621373
0.053919257212537985,-0.7227368011839232,0.33803752377492075,-0.7085699457056229,0.5790618013827787
1.1478702610462133,-0.7331916639068946,0.3011876908761313,-0.8128159916628057,0.5827987795349477
1.2786556529968118,-0.75527065285638,0.3120876485554758,-0.10831250954172944,0.5528588460900599
1.3307045234508976,-0.7139372490119762,0.27696248013238595,-0.8400094671294731,0.582253632080137
0.6346708936961036,-0.7094701852846714,0.3024797104230858,-0.006976163982946204,0.5491126740159725
0.7101360911398782,-0.7202866241713353,0.3081740780583595,-1.345744927730637,0.6056447551676952
0.443436386568691,-0.717740114835082,0.31688365487668074,-0.9189045179873059,0.5879703514757495
0.2136432130698216,-0.6957035535525254,0.30800642613774537,-0.4147611755715168,0.5667203291760596
0.31260130287464793,-0.6701786305220527,0.28288107465800805,0.039084670442909086,0.5451129593956652
0.3019559267145686,-0.6797644919855087,0.2914913991992836,-0.3527823515453399,0.5640128154603575
0.5135067090921535,-0.7194244907537776,0.31790782950319146,-0.9556974501566255,0.5869949103263317
0.9456997987929228,-0.707567763707368,0.2873774402548176,-0.7335457301674762,0.5795076230399903
0.10191087413503563,-0.7093920259968237,0.32663346518577346,-0.795343799713228,0.5817607658157818
1.496335119274658,-0.7173383149073818,0.27356281684717165,-0.5427270563944049,0.5726585575680655
-0.13430596772744519,-0.7110068686084989,0.3374450417462817,-0.28230929804133353,0.561361255682522
-0.5636046490947706,-0.6580098264275361,0.31026678919622575,-0.6117230655345018,0.574350876517041
-0.3965340945433873,-0.6661365065858181,0.3103934791549326,-0.4337788952484072,0.5684602177906087
0.6141117748876663,-0.736970501105081,0.32532784647929996,-0.8441552267266506,0.58320364860519
1.6867465868135731,-0.7356956579715122,0.2789923378053159,-0.7726628848132773,0.5809938148327696
0.7186580196111141,-0.7230120069348848,0.31013146049518947,-0.5263000224169172,0.5695991359187911
0.9922996178288521,-0.7164425508540211,0.29214004444997244,-0.7050612004069876,0.5786282214645064
0.38845930447181587,-0.7120540592213528,0.3173325038134429,-0.4050473746254095,0.5660633981541935
0.9040335489745308,-0.7177525078389636,0.29826915373509044,-0.31636684945406124,0.5610061873083168
0.434166078618647,-0.6841983961171305,0.29035407512497013,0.12335864081788905,0.5430139632713766
-0.5737509161947614,-0.7000878858895634,0.3464255356837184,-0.7755084285370089,0.5811473386488348
1.4454218571434092,-0.7015795160768231,0.25996041345862014,-0.09208251240706566,0.5511703106543476
0.9269820111051112,-0.7627196752384153,0.33490262094619516,-1.0768629379461228,0.5930844521437972
-0.2572445980377349,-0.6576672750663208,0.2981809402641772,-0.8134859719288947,0.5822320541639833
1.2594156000801124,-0.7487624705901743,0.30889384435437833,-0.9326761379999429,0.5859863717106436
-0.5149518604474679,-0.6490793835954933,0.3013718309800526,-0.2699408726602375,0.5593802719893652
1.2764409352987132,-0.7119450242199783,0.2777095801985703,-0.3049784118467862,0.558930408459306
0.993271344278968,-0.7374191202986999,0.31047159033278987,-0.8569217846934087,0.5852234768585337
0.8862028532006079,-0.7286107713488248,0.3089235769457342,-0.08461551002760892,0.5516433978991957
0.356972507442852,-0.7102545368366682,0.3141593531761949,0.04052817032498446,0.5458714450974205
1.2774799652289763,-0.731457045507793,0.29316033524310553,-0.8710566495923757,0.5842798766469656
0.3219309702720423,-0.7032258696347533,0.31150243585994525,-0.7711280927223019,0.5803928896550633
-0.08351838441545656,-0.7188893454145813,0.34111482405351967,-1.3563971256299538,0.6065151326174004
0.9496077335753217,-0.7802125017882802,0.34895878882760945,-0.0024933546231196146,0.5484013659351745
-0.5172996345273395,-0.6491642032188544,0.3019318617543578,-0.7159328976234764,0.5801458646434352
0.22317855388480634,-0.6972994244815022,0.3101554510088666,-1.2862136394325727,0.6007816032347564
1.3781584319500686,-0.7499796285002029,0.30572997095198706,-0.9399411636531525,0.5887068061301626
1.159277889211359,-0.7427580775884388,0.31007917384255124,-0.33814057127864316,0.5624965711369301
1.098165473805497,-0.7223214804168216,0.2922775574386603,0.571680535429115,0.5227284996236691
0.155368981608194,-0.6544238290301719,0.27552849636596155,0.07374717479149595,0.5441914395085804
0.1886639567998598,-0.6798112914651279,0.29637219687111516,-0.6135416182216744,0.5745483753169486
0.45709285322051585,-0.6748414756529021,0.28021176292273464,-0.3606556710592148,0.5624678281548088
0.41070352860739145,-0.686776731241837,0.29231056730460514,-0.7791777306782812,0.5816362910579298
1.7823671103325953,-0.7502494113469418,0.28874399501447195,-0.3094935440207447,0.5612121340581183
-0.37356046730723946,-0.6739727557704024,0.31505332352271453,-0.4887124072515707,0.5684206596988534
0.498532885255929,-0.6804289459466007,0.283197235159914,-0.10325570288426533,0.5528907892458379
1.4737504212434809,-0.730180557991197,0.28455897321825036,-1.0760916331713926,0.5941443902165776
0.8431180376913465,-0.745057189064898,0.3240066539855351,-0.7049742188108894,0.57661840853109
0.9523953154003353,-0.7252659035926318,0.30212418836162375,-0.060033570906005806,0.5498553950850453
-0.03762265268217124,-0.6816422584282698,0.30801049816191284,-0.5941463241330442,0.5728463544784581
0.18985351813030693,-0.7073879029959645,0.32056196717237284,-0.5316249982887111,0.5720885624752878
1.1188016788609998,-0.7000447381141782,0.27294183857230914,-0.8194306977823427,0.5816161150067968
0.26741470085141916,-0.6618653922813874,0.2779760070691212,-1.0513143061040289,0.5928971524466561
0.00034533561561378434,-0.6859786885197299,0.3088200292134054,-0.3696034642616386,0.563483380631241
0.8839128607401561,-0.7156668772099161,0.2974135398523613,-0.13844789606450014,0.5529635371428263
-0.11352020059236168,-0.6717583633243883,0.3024609659901493,-0.5654585387587829,0.5720836202294761
-0.09117282728427778,-0.6732623707419554,0.30437144977331976,0.2278775877334578,0.5389449834134163
1.0402432326489581,-0.7445026782613738,0.3134237362457548,-0.3799476978671166,0.5632669911189954
1.5137576464255984,-0.7179805206422618,0.2708920199673038,-0.04214158017552272,0.5487813863029939
0.5214865735883931,-0.7331520511852471,0.32786460319740773,-0.5270487817811702,0.5707693800138468
0.9728992069194966,-0.7157579317206364,0.2916658049286171,0.328134048601072,0.5345396869998321
-1.0114707201024968,-0.6733882381672357,0.34410323124489606,-1.507825452002951,0.6121019302972904
-0.06498572173985728,-0.7018426138573336,0.3255515200581338,-0.3371397485538239,0.5620421322846068
1.3126605805115519,-0.7307472717173444,0.29286821405871233,-0.8588644229428173,0.5846429667962736
1.1725695388565844,-0.7186730694376811,0.28731260962024385,-0.7293211389581931,0.5786199759498808
0.04870324326732245,-0.708506754247184,0.32632578103751314,-0.5344798493904186,0.5726527111038993
1.1121729619633678,-0.7269984040799522,0.29675109441160663,-1.5266452170223186,0.6114300221796122
0.5843291059926292,-0.7066907877141066,0.3016009484617248,-0.07229674915558704,0.5496908621194923
0.5713105667123619,-0.7015855525685598,0.29841739268517736,-1.060455345625396,0.5918804717339703
0.20799320785620612,-0.683708720554983,0.2983452990352067,-0.7398019088092234,0.5788757728742431
0.4758761998920358,-0.6998611087694512,0.3023599424789652,-1.2953756922068482,0.604055281899634
0.740134153320847,-0.7412784583087989,0.3264304131846658,-0.687034497799166,0.5762678029983813
-0.7295940492258985,-0.6700892617591351,0.3273140580388895,-1.1955132966926314,0.599551572596415
-0.009305298328712297,-0.6637138772675085,0.2895116836792151,-0.30530670664921367,0.5601952851134422
0.09034152466245349,-0.6948085304049358,0.31374048739677046,-0.6472261093247624,0.5765741151350745
1.3027743853978304,-0.7290961379827616,0.2902861194708674,-0.9629572120045058,0.5879345864436183
0.17747391938145807,-0.6669633316580847,0.28465575505729623,-0.6172823474315621,0.5742048768383129
1.0737925273268214,-0.7418362229742501,0.31056792993114735,-0.5601427504424326,0.5715065495199739
0.6713863390969488,-0.7123739530200863,0.30232994966556254,-0.7480350715585811,0.5789265492136555
0.6434261680667799,-0.675793306139438,0.2742248731099944,-0.01372235230979868,0.549283775651001
0.34233426535747835,-0.6795348451810895,0.2897364420873279,-0.3284713610409309,0.5607234858868155
-0.019177047061729624,-0.6371855885701915,0.26990943923983585,-0.15959323756828425,0.5540909043195867
0.023912499091516715,-0.7128536700704298,0.33149407214682836,-0.9571912441248553,0.5883635668924756
0.9337737561481205,-0.7164276342624651,0.29731355828366807,-0.5345517774918989,0.5713450034567394
0.9754596366591226,-0.7045700394912932,0.28313059187861167,-0.5309935941338733,0.5700484341274679
1.147987730852388,-0.7254381387220753,0.2936842489968342,-0.3482686293996462,0.5626409171668264
0.6429166228499001,-0.7030423217995464,0.2959792057855371,-0.10994303058630983,0.5505884896496706
0.52715548672625,-0.7103563757781619,0.3080285610649949,-0.0808817125806307,0.5514436046370196
-0.02365756734868807,-0.679156733626735,0.3046703981128565,-0.3241745432911891,0.5612174693498497
-0.34841465358071666,-0.6779911983409426,0.31693254657956593,-1.2006559593447275,0.6002416460841568
1.1734238530746417,-0.7311427424491824,0.2974744583617874,-0.9509066642766211,0.587839557131592
0.37233958660084454,-0.7354933312815705,0.33400553636970853,0.13096985325480937,0.5413576286945083
-0.5183338329875529,-0.6666737431836591,0.31537974647904526,-0.5909115905813724,0.5723165096446668
0.571206624745324,-0.6878638336421237,0.2866429161948895,-0.8690631333398091,0.5853277026860156
0.3953751229591749,-0.7288297200998509,0.33025023893929717,-0.7086386947917696,0.5769575717516969
-0.03721008143072435,-0.7331897608024321,0.35151891797471907,-0.7800907656632461,0.5827319685631377
0.06997739811373815,-0.7130651288508445,0.3287250021663694,-0.6544633726975864,0.5759373981641978
0.018298556136214117,-0.6904737597852716,0.31155588757611413,0.17863767532232622,0.5411878804524602
0.36299275643753415,-0.7274664015064276,0.33017712867199495,-0.5262135678524587,0.5703098004122474
-0.14161453062178087,-0.6692723895866423,0.2996240459337779,-1.2023423290687365,0.59755872234424
1.8082381911447385,-0.7772800112610099,0.309306168740796,-0.25121397996909955,0.5578260950394843
1.230428860064606,-0.7203733643489119,0.28705983512774536,-0.9254466734425062,0.5877371314962787
1.1478229971871583,-0.7371584933106685,0.30575923765993185,-1.7233437241723113,0.6209199203820296
1.2663424878630423,-0.7419494221227438,0.3046383310316026,-0.637843390941983,0.57517559525012
-0.3827473554801548,-0.6551359180119602,0.3006734494330158,-0.8228888870723807,0.5836003471933727
0.00746910552237523,-0.7045062196457795,0.3235631501668615,-0.14435654202736892,0.5539236852483934
0.5615069817688152,-0.7275677415562475,0.32130324490266904,-0.14493030886769454,0.5541949098254415
1.7138349379641271,-0.7845342534778824,0.318510124396015,-1.0112363913916482,0.5893110230928166
0.6334549013029278,-0.7060987512303261,0.2999509794677725,-1.02881040662281,0.5918445206884699
0.11966715387107474,-0.713176748110011,0.3275627651410139,-1.3462424845276662,0.605432925984468
0.9815275254042808,-0.7388267032669096,0.31130595616182455,-0.19806313768317096,0.5580937733555978
1.0605317004728398,-0.7244129771710641,0.2975957651067354,-0.19924534081849998,0.557631032360421
0.8238681346667578,-0.7519430451120992,0.3284711997504535,-1.0391663487218548,0.5927117367155322
0.08637305881255397,-0.7044953452777252,0.32272717352137203,-0.4307032524478789,0.5688700413249482
1.4537048422323844,-0.7199756919298665,0.2751058267687934,0.18162994273293265,0.5399454098175631
0.19788381997209026,-0.7033608500040658,0.31541196145548317,-0.6518014404680326,0.5758583884350981
1.0106200285872617,-0.7057105237159733,0.2832330490332962,-0.873645052179775,0.5840976557397901
0.20955010031992405,-0.6909071640952003,0.30607132582674085,-0.6598763876979294,0.5750696039136078
-0.06381942363686033,-0.675180979892499,0.30434339684075956,-0.46827301950375677,0.5687394458138162
1.1323252705198286,-0.707825527535955,0.28063604534552333,-1.3365237687785587,0.6046942450432197
-0.08122935363761297,-0.6875814728634484,0.3144477132726194,-0.9006939580734912,0.5863315918469387
1.5549539796603478,-0.7336344084945109,0.28435809044040183,0.1953510259233191,0.5414494676211958
0.0013366421341789447,-0.690064786187709,0.3134844121375374,-0.09715703589652414,0.5533108072266105
0.37062931251059084,-0.7115833074657724,0.3158978869787386,-0.9313935487906342,0.5866063917874883
1.1184914535896908,-0.7248073419961675,0.2954451685822105,-0.6850954399397065,0.5776121529796447
0.7670698340627613,-0.701308154194076,0.29001699936258185,-0.5114820925440764,0.5677133777205073
-0.33444838186045533,-0.6617794184921595,0.3037879555475708,-0.7596280171026901,0.5806200052074433
0.7759041849903499,-0.7336038986193228,0.3167658009084384,-0.6025673863583716,0.5737441478842032
0.40803314210243347,-0.7146019404813508,0.3158328547672534,-0.7129046636627496,0.5792772721674119
2.245707415803671,-0.7976609853684236,0.30820494479483407,-0.3197004403749837,0.5607494390389063
0.6415474075525713,-0.7131830318582658,0.30430141271628447,0.038728920221522856,0.5456483849943169
0.18359915602229826,-0.685003747303769,0.3016061384014799,-0.8511339672002247,0.5844874318690311
0.6105293217225904,-0.7078361594081706,0.3021360541917245,-0.7281417339110039,0.5778328702069818
-0.4433163681989223,-0.6446279285095143,0.294509236481657,-0.9480797720588594,0.5891644288377403
0.811978464892162,-0.6673430212072302,0.25924740257353407,-0.4084625279258187,0.565863847886225
0.44845326755671255,-0.7234418005964167,0.32143044758391764,0.5706398595513757,0.5240986399010394
1.1954080492341381,-0.7352848673659037,0.30182552231633275,-0.17979317817952456,0.5570742750364193
0.20952779462520255,-0.7397154564535868,0.3467316916406996,-0.26895580499850347,0.5588559933751521
0.41935681293740057,-0.6633866649773255,0.2750580341268804,-0.9162938464547246,0.5849709167128607
0.004722734911731585,-0.7020971721402975,0.3219222560124319,-0.4568658121130529,0.5683839623179947
1.1070662287317976,-0.7481651535111611,0.31607139513253796,-0.5179068702072058,0.5682426759489942
0.5805723702514989,-0.6827687476417234,0.2830083833300688,-1.076446860520205,0.593651172101556
0.8458660678991317,-0.6962155928332425,0.2826699266737372,-0.7929218561802216,0.5816189763786748
0.025745746961023386,-0.6697397993995945,0.2934110845729524,-0.25723020053531265,0.5587497782404275
0.8182579717283014,-0.7168819525527221,0.3006264020269084,-1.1082261800128226,0.5950692702286863
0.8606273552562627,-0.7583892087848046,0.3342201257838465,-1.1868161794598322,0.5980358655085874
1.4637577215420912,-0.7352474704326779,0.28902010808079276,-0.056920688889956494,0.5495997729967095
1.4547355822130443,-0.730112803910272,0.2865719352293899,-0.590140245667186,0.5735305567667108
0.6337584994141059,-0.7352104888644032,0.324317313168984,-0.9397925978943924,0.5874971868685662
0.45485855810293785,-0.7578492301186682,0.3507465251496174,-0.3608434891302519,0.5633675905648994
2.1254205412590137,-0.7903467620745779,0.3083052204480685,-0.5129399666015182,0.5690992175988219
0.9377464703129359,-0.7271590015610273,0.3057274970680203,-0.0690306307724704,0.5502656751883308
0.16334502940164697,-0.7188491671040246,0.3312977074034771,-0.9100569236284137,0.5874050646166149
-0.2995837224256448,-0.7303617941585164,0.3600184956884239,-0.9344033814655912,0.5880843021413299
0.21101729060172048,-0.7084932783874385,0.32028280707039475,-0.5275332081070232,0.5694847475451416
0.6811263734944202,-0.7094332950190539,0.30157875017828245,-0.9034715288464117,0.5848167071034323
0.2951070250310419,-0.6844015127329284,0.2964527310124253,-0.6700119840500331,0.5750750084996346
0.5089224041331084,-0.6903491797966287,0.2925274335572433,0.3401806107069021,0.5338336080200653
0.1272659823722444,-0.7212362961209173,0.3345044279772453,-0.49438670470294355,0.5694408720080479
1.7492355175388843,-0.7671819627334105,0.30459974926048816,-0.26125956659883265,0.560101839790575
0.11316626354712689,-0.6797672961833257,0.29932231133830817,-0.10439318302489298,0.5525733400070871
0.5523444330692948,-0.7178775201078579,0.3128867900329268,-0.2966226537543175,0.5608647236072304
1.4736419914788792,-0.7870008529026342,0.33146933935570616,-1.0221210504719256,0.5912617765438065
0.7228134090521827,-0.7097200567843532,0.2992191561373949,-1.0682353535302145,0.5931399883237907
0.3730047275229387,-0.7021799021990137,0.306249605953362,-0.3894297377092091,0.5630245558996041
0.43602062451631785,-0.726957241900666,0.32624591425173743,0.034937097020613095,0.5457614524079447
0.16146903780504562,-0.706064826160705,0.32120367726324917,0.3113419906111652,0.5346503679566299
1.2793603824277975,-0.7273355608388792,0.2904764239429338,-0.08702030146421791,0.5516428606503772
-0.46997313636553617,-0.6728193500621006,0.3173500365320036,0.270009447287169,0.535559363781463
0.33668900910806165,-0.6705246169008182,0.2825307704145066,0.17214175330147263,0.5417365840093852
0.9353633607151624,-0.733091892183983,0.31036742789208677,-1.2401884910431917,0.6005734820684744
0.6803904455677641,-0.7383006161173746,0.3258583693295217,-0.5134378076319077,0.5704022796432427
0.06459052611664529,-0.7066912447913306,0.3240956467168653,-0.6574521392000001,0.5764319241355915
-0.06624292081111349,-0.7123891102713904,0.33369209789393817,-1.1421060075691827,0.5953810843519252
0.43815089081510106,-0.6791655984131768,0.2841008005210315,-0.25578473575184546,0.5593605579426786
0.2869878516616531,-0.7036830040099125,0.31168212451677924,-0.5356804004574709,0.568574718174449
1.4638319405369407,-0.770363659301822,0.31892809478710793,0.016113528841053437,0.5458849844262632
0.22553990120263379,-0.7229816644628935,0.33149266794815374,-0.7104696260869332,0.577800719596428
0.053449333375656494,-0.7195923109065372,0.3361599336214709,-0.3301661655031989,0.5607122327574329
0.6628373236495255,-0.7510483949162002,0.33703719250364605,-0.8013365154930074,0.5808049502866848
0.10669087731484339,-0.7182521553646093,0.3327100723070458,0.10303987091854694,0.5441547832098332
1.0111321121185464,-0.7388662055113384,0.31259542179205607,-0.595839317502671,0.5737423457185883
0.7884849047445766,-0.7016841367014386,0.28962891268656216,-0.21855774680883577,0.5563159820328833
1.3838277585575645,-0.7166176508977267,0.27567177048606367,-0.15832060421635674,0.5535212124612466
-0.046884103337690775,-0.7105243066208202,0.3317845472825472,-0.030376593678207442,0.5493061443696838
0.2953305084508706,-0.7146798109856362,0.32248389015774837,-1.1730326921533045,0.5976563961658156
-0.8656768631460849,-0.658570586958737,0.323119147629861,-0.6496982889794385,0.5737286312676797
0.5520250207674948,-0.7307349659552119,0.32479740593371204,-0.39637566901291343,0.5653904532529573
-0.5826741988388404,-0.6861176787390997,0.3351978275995509,-1.2590768330186766,0.6023484711330314
-0.1368103375845493,-0.7084820016100027,0.3341339337147247,-1.0163628691155964,0.5892186154129344
0.7018308711914276,-0.7189164813815346,0.30711972283790445,-0.6603271054404427,0.5774795574155008
0.625863833262998,-0.7280934740955071,0.31845730833474095,-0.18886930993026674,0.5577487244111216
0.12788569552592755,-0.6922685809020327,0.30812146947581603,-1.639998968066621,0.6172822777230977
0.6689200774747217,-0.6829143031759533,0.2783909519043142,0.3259214520341178,0.532771512647164
0.008363521833904208,-0.7036949574764982,0.3242205362692334,-0.4638546699992059,0.568435940652211
0.32072468834716705,-0.6943139064042445,0.3014885785030684,-0.7265515529945112,0.5781661463777954
1.2568603587488578,-0.7209065471642232,0.285425109038991,-0.6121242951659216,0.5748261816788554
-0.3155545153789179,-0.6662266591050037,0.3049163969649984,-0.4204869440625014,0.5678556143630675
1.2588922140080703,-0.7203152821257329,0.2861991360770223,-0.38937038100652543,0.565828125186232
0.8786753817893871,-0.7099198526407615,0.2931937332841814,-0.7088087788676969,0.5785268731307971
-0.06788511858077406,-0.7340786440402632,0.35292550625230384,-0.9519142733565751,0.5900940806745992
0.6196604145524063,-0.7102132922190263,0.3015083379815516,-0.5071982505258941,0.568721626364644
0.9706369117993443,-0.7539865484700562,0.3245651602865801,-1.0447514776824782,0.5924578320271537
0.31646903003087345,-0.6893640792576621,0.2989437052958637,-0.9028995424063773,0.58585300237424
0.578585045867217,-0.7173849742083142,0.3122344578859628,-0.7752699040038031,0.5806239465573556
-0.7256400251749469,-0.6833429114846243,0.3386575741731195,0.016168882528791784,0.545889032704892
-0.07945002928585954,-0.7203323526799141,0.3423739333000883,-1.2431381264060928,0.6016822034135684
0.23826594617868402,-0.6792848713877732,0.2931617757440539,-0.49950148721211995,0.5685238000666406
0.3075057830430774,-0.6862637857720655,0.29658722651792546,-0.5826866764860714,0.5741647022612367
0.9948394092337658,-0.7518385256050826,0.32405083902714216,-0.5053407000437797,0.5681041469812299
1.1972828833807476,-0.7371884004297342,0.30288478293874704,-0.557719530434639,0.5715931315197329
0.20404219968208626,-0.7137914237718372,0.32426590623160584,-0.9582911454127228,0.5863922128943231
0.30863838531204735,-0.6869084314457349,0.29974798463682534,-0.19378216125048553,0.5566005789273873
1.2932450858786764,-0.7154176995065769,0.2778314127984931,0.2783876724461418,0.5349875414398014
0.11983232963024726,-0.7351408969109046,0.3469811665959018,-0.5042554204985805,0.5698182195904309
-0.1800653440836486,-0.7098676459475464,0.33752307474634474,-1.342357790341966,0.6054829155922277
0.42794751703586353,-0.7019495782974688,0.3035556477157452,-0.9754997687929166,0.5882142455174607
0.7272179954132287,-0.7262342757360455,0.3127265809188059,-0.8637888613305016,0.5877839830889141
1.0047688354198332,-0.7239704693841245,0.29913492249563606,-0.8210367858741439,0.5836022888697621
0.28332789573611006,-0.6998579509695123,0.30908672815294735,-0.5008252960667505,0.5697440172400281
0.6666107705963595,-0.6990700683084633,0.2943911821004712,-0.2061311758702722,0.557691675695566
1.0741280741060644,-0.739110617650282,0.3096664286098684,-0.2694838612425521,0.5607480932139663
0.46596936609983874,-0.6925733103505385,0.2934356383237488,0.1135475733757314,0.5428767389784586
-0.11579723633932382,-0.6668051056971268,0.2977331327479404,-0.5875119159830202,0.5729311201363024
0.03425798570833738,-0.7244736229285401,0.3407560460553098,0.2283520267162764,0.5377808766092563
1.5047876781267924,-0.734455639150288,0.28645916204377103,-0.12862201979112164,0.5520031768942264
0.9179993364444909,-0.706169146800475,0.2870797361387834,-0.5805712084791868,0.5727254741056221
1.1085311207835957,-0.7507583402339207,0.3159878133168878,-0.14105596431267386,0.5543590993380537
0.6846950552287829,-0.6956112085105498,0.2894750598556002,-0.04415453889720844,0.5500935257868559
0.364109794659222,-0.7033601086947944,0.3076964899885912,-0.45937967079584396,0.5667864067577952
0.23604034811549202,-0.7100118844714629,0.3193618294053583,-0.9577800642950809,0.5892241799447587
1.0056826375078698,-0.7720407586811883,0.3391522333309815,-0.7611124833381737,0.5798202979371944
0.9281813733853603,-0.7389144768027841,0.3137490582212489,-0.8094973145901445,0.581926557855246
1.2060119202553627,-0.7185944469129045,0.28515490442851904,0.26455757198406893,0.5351865343542648
0.27666468036653313,-0.7384256646943748,0.34202553255982987,-0.9236843080469761,0.5871523598925747
0.4074640952333004,-0.7018675683571878,0.3064781292104372,-1.0698937594649962,0.5932231873286338
0.6706347692896504,-0.6855442145556122,0.27992746803589963,-0.25817488032877023,0.5579397735859437
0.737374988074631,-0.68552363703116,0.27857926651251846,-0.892414490256149,0.5872259659572131
1.8301101415210734,-0.7371858227045099,0.2737728661088038,-0.09350747067994547,0.5500707944284612
1.8828237563897563,-0.7553932226565554,0.2870881928063748,0.477847501517525,0.5263813941365236
0.2912985903083438,-0.6985075021568263,0.3089650635430661,-0.8078026393866935,0.5827004751403136
1.0363112133528825,-0.7220698158610792,0.2957547393268819,-0.5137035064782882,0.567778975127642
0.10357194028865635,-0.6804548058186217,0.3013047854400257,-0.4331557945425075,0.5661237308507351
0.2558750696366392,-0.6599905554871895,0.2757600689112803,-0.4753606119076359,0.5657170588314694
0.7103050835864897,-0.6932020670498964,0.2853369354365021,-0.786111261937636,0.5824789486643506
0.8839094972688875,-0.7347736509219234,0.31292401862527663,0.0359410333370338,0.5455326398013717
-0.8296715214882138,-0.6811511763462208,0.34135104535614375,-0.9839613247928547,0.5895092651119058
0.4585183462248912,-0.7011387555586951,0.302235086508434,-1.3603744182025892,0.6051832777003426
0.5643263549565232,-0.7497335997895648,0.339122027854089,-0.41153171667471256,0.5666350903101293
0.1591751700667814,-0.7307822264846197,0.34095559463792613,-0.6402951506888801,0.5762194024729431
0.8814906107632563,-0.7324406454266408,0.30942655581666334,-0.6238631243431687,0.5742134238233898
0.7934313114811076,-0.7297839844926823,0.31220646355000736,0.0966507677852082,0.5423110121288488
0.18690020120069306,-0.6977291560413875,0.31204182206382525,-0.5799346155731335,0.5737126380269627
1.0080720141915744,-0.693566473553837,0.2731067674402048,-1.104068737744953,0.5951023410187378
1.497251575382478,-0.7375812084424637,0.29073328372234275,-1.044755060080412,0.5922075093198947
0.49974860411707933,-0.7110467393524422,0.31030662665933373,0.2590508694659803,0.5359387236108922
0.3173044326710608,-0.6911079886915906,0.3001458477695252,0.017951688965970547,0.5447824652702375
1.018489890478837,-0.7005841111531641,0.2790241964852928,-0.35360003640655435,0.562720242648749
1.4088473531123062,-0.7342804874069045,0.289928699667867,-1.292738148563771,0.6028122639461416
-0.8054954304014661,-0.663967880068684,0.3268503764084171,-1.1984169138956453,0.6005941863600485
0.022270313234065142,-0.71800743012223,0.3351492607321642,-0.939439968087413,0.588568466174213
0.44844956746722,-0.6999937127762196,0.30229665668092626,-0.13253893029806996,0.5557279736235153
0.4074522876092095,-0.7214470026262773,0.3226061334715248,-0.11507310289082184,0.5538470104595038
-0.0304517920621743,-0.6607821595660982,0.2885935547345357,-0.7664151797006369,0.5809404874178112
0.7710371148601549,-0.7333571889173276,0.31644691819028475,-1.1660506661340282,0.5976504097110376
1.0205174706035987,-0.746618162754178,0.317846933142834,0.2562819105994567,0.5366112799389244
0.8887962856053253,-0.7156996691287048,0.2979379318942768,-0.16270926677390563,0.5527809218342608
0.12937279875265606,-0.699055857583124,0.3149351372597812,-0.5183060005797131,0.5710618885775529
-0.0763667871056164,-0.6980179444712599,0.32237699236893036,-0.44193187145885027,0.5666116289522325
0.5335278215567314,-0.7147709313654229,0.3102800735700185,-1.6422894179903054,0.6156418725090209
0.4051532729846832,-0.7305341793636407,0.3296982914369276,-0.9247066442187997,0.5867616775849999
0.10169745833953403,-0.6900181939565995,0.3091141990105247,-0.7761765532976828,0.5823247574845192
0.9825777539068277,-0.7243600944923599,0.29900782376810725,-0.4275723956028088,0.5654663903269948
0.13156960163353038,-0.6864852959262064,0.3023599190745577,-1.2396986035898419,0.5993019030553414
0.9815815870226237,-0.7393655256751401,0.3129726020399209,-0.9930886899259619,0.58898378409243
0.8381039915330026,-0.7114654275464424,0.2944634928943431,0.47040378797133897,0.5273709176209342
1.595975099275985,-0.7180075442874133,0.26827016057052583,-0.390346597942294,0.5628337070251415
-0.6738728287443951,-0.6385245742192834,0.29861672270490497,-1.2847534033940669,0.6029989158845224
0.151465481075844,-0.7035087436695429,0.3189467121629214,-0.40207998317643323,0.5654682771283024
0.4861064954589107,-0.6863335068337187,0.28722811200587633,-0.22816052478557403,0.5564382876739858
0.08207429407631928,-0.7159804061975129,0.33243726877805646,-0.7203853021765454,0.5787479367826914
0.9055745146152496,-0.7654593108739098,0.337774014282321,-0.04205806204869589,0.5484825260369445
0.22083193478326635,-0.7046885077786021,0.31514750423959603,-0.6990545497873679,0.5775553212586761
0.46017208761305994,-0.6985035858501142,0.3010406214476551,-0.19362361933187877,0.5564184084743082
0.5414392639697878,-0.7500855851142081,0.3409785533835345,-0.38575969466440263,0.565451542947268
0.5167271621506231,-0.7379027133157509,0.3308945648461316,-0.8151762114122683,0.5813329941948159
0.7879395732196794,-0.7052773735938354,0.29345964754755827,-0.5976209201238785,0.5743003673895314
0.9994893386468213,-0.721227713878637,0.2974070199003635,-0.09206985086107267,0.5512542137243018
0.20706424606963303,-0.6834103448037809,0.2976546629079102,-0.6351968073352108,0.5732903745693813
0.7696302564482975,-0.7230701372095192,0.3072269235466067,-0.17728158017704487,0.5562602286090492
-0.37989969092345,-0.6970094703730895,0.33503458080531145,-0.725262672861879,0.5785766301637163
1.2338976334082057,-0.691260879948123,0.26047889834734395,-0.6845511182413073,0.5772837046579956
0.12041673853364987,-0.7125092645121527,0.32667653878697744,-0.12663659198976518,0.5527287060384823
-0.5008864476977068,-0.6903195114158631,0.3346363283573123,-0.910539472507331,0.5873851534784987
0.7734458767887276,-0.7043257091727197,0.29248778206012416,-0.5526602985046072,0.5705099718449779
1.1392700695452227,-0.7047959729246299,0.27670400792617494,0.2642945502451788,0.5358845453997844
0.17241283535880836,-0.703417426095525,0.3162468939127337,0.13407540697439302,0.5432319261414122
0.6363302308548295,-0.7164490511011196,0.30918165598098185,0.11846689400383603,0.5414241237099098
0.12732950262219056,-0.7062720091542782,0.32145190116315714,-0.5065281423481363,0.5704244844441673
0.4542551037955578,-0.6911807867568932,0.2950427991024777,-0.963267090556684,0.5885457808383012
0.2791456683545501,-0.7258774009694765,0.33176459796554336,-1.2361490128552344,0.5996222021522186
1.3918731479468258,-0.745215495949486,0.30053103899475514,-0.13787247924310897,0.5516580285390309
-0.06972566017069948,-0.6827569304870456,0.31022253619045753,0.21598243042552134,0.5386428400083365
1.07111225050748,-0.7128745074955343,0.28644576681579137,-0.9323014584932334,0.58685413283863
0.16969181754765117,-0.6753579419381676,0.29218815782189694,-0.5951026790031619,0.5732829086241376
0.5524935803902986,-0.6965264026161713,0.29372624291367616,-0.16879948302722525,0.553894171240623
1.0934984691953344,-0.7163718765124419,0.29088549392582386,0.15662444430257239,0.5400199184194402
1.785142784642721,-0.774369540868428,0.3087814913771663,-0.6393693501502948,0.5775128553909749
-0.0338722542245673,-0.7244898516398582,0.34312040132388316,-0.8283050853709586,0.5840125669234583
1.6344760342688902,-0.754891998587544,0.29835928468996414,-0.8528334068839101,0.5826985223302807
0.8278878398692244,-0.725192797541658,0.3070136761177409,0.16452571180116138,0.5401710225118099
0.7032762542883848,-0.7238290985448425,0.3124100370012926,-0.5014694992121154,0.5699399305071042
0.4757414370034301,-0.6818421414045784,0.28550422240384615,-0.8789042053907821,0.5842126084799412
0.05385375865249209,-0.6721405765833064,0.2951915063147455,-0.4596654752797811,0.5678916352636242
0.8700731847594296,-0.741185622560223,0.31931212279254323,-0.7980494783832501,0.5822603700153585
0.4235320256733024,-0.684087775578849,0.2897707300563526,-0.38737301008463554,0.5658437352185056
-0.7006108609854937,-0.6855934112334804,0.34021403678155165,-0.9406978537996462,0.5897190306077349
1.0816556467211251,-0.759006695343438,0.3235019790303182,-0.36830389683806253,0.5635065863410168
